"samp","genotypeLabels...3."
"1030_Cudi2","Plate_10_Samp_1"
"2226_Kesentas","Plate_10_Samp_10"
"980_Cudi2","Plate_10_Samp_11"
"3049_Sirnak","Plate_10_Samp_12"
"1319_Destek","Plate_10_Samp_13"
"2832_Savur-Pina","Plate_10_Samp_14"
"1925_Karabace","Plate_10_Samp_15"
"709_Cudi1","Plate_10_Samp_16"
"2944_Sirnak","Plate_10_Samp_17"
"1705_Karab","Plate_10_Samp_18"
"3160_Sirnak","Plate_10_Samp_19"
"1251_Destek","Plate_10_Samp_2"
"2421_Oyali","Plate_10_Samp_20"
"2285_Ortan","Plate_10_Samp_21"
"568_Cermik","Plate_10_Samp_22"
"1591_Kalkan","Plate_10_Samp_23"
"815_Cudi1","Plate_10_Samp_24"
"2675_S2Drd","Plate_10_Samp_25"
"1284_Destek","Plate_10_Samp_26"
"254_Bari3","Plate_10_Samp_27"
"419_Bari3","Plate_10_Samp_28"
"2888_Sirna","Plate_10_Samp_29"
"693_Cudi1","Plate_10_Samp_3"
"84_Bari2","Plate_10_Samp_30"
"799_Cudi1","Plate_10_Samp_31"
"460_Besev","Plate_10_Samp_32"
"604_Cudi1","Plate_10_Samp_33"
"570_Cermik","Plate_10_Samp_34"
"2435_Oyali","Plate_10_Samp_35"
"489_Besev","Plate_10_Samp_36"
"2409_Oyali","Plate_10_Samp_37"
"1990_Karabace","Plate_10_Samp_38"
"1037_Cudi2","Plate_10_Samp_39"
"780_Cudi1","Plate_10_Samp_4"
"2634_S2Drd","Plate_10_Samp_40"
"1767_Karabace","Plate_10_Samp_41"
"108_Bari2","Plate_10_Samp_42"
"2205_Kesentas","Plate_10_Samp_43"
"1096_Cudi2","Plate_10_Samp_44"
"2954_Sirnak","Plate_10_Samp_45"
"274_Bari3","Plate_10_Samp_46"
"2732_Sarikaya","Plate_10_Samp_47"
"2057_Kayatape","Plate_10_Samp_48"
"212_Bari3","Plate_10_Samp_49"
"1365_Destek","Plate_10_Samp_5"
"2083_Kayatape","Plate_10_Samp_50"
"9_Bari1","Plate_10_Samp_51"
"871_Cudi2","Plate_10_Samp_52"
"2063_Kayatape","Plate_10_Samp_53"
"227_Bari3","Plate_10_Samp_54"
"1179_Derici","Plate_10_Samp_55"
"2234_Kesentas","Plate_10_Samp_56"
"2467_Oyali","Plate_10_Samp_57"
"2883_Sirna","Plate_10_Samp_58"
"1837_Karabace","Plate_10_Samp_59"
"3018_Sirnak","Plate_10_Samp_6"
"538_Cermik","Plate_10_Samp_60"
"2424_Oyali","Plate_10_Samp_61"
"1079_Cudi2","Plate_10_Samp_62"
"2117_Kayatepe","Plate_10_Samp_63"
"635_Cudi1","Plate_10_Samp_64"
"2927_Sirnak","Plate_10_Samp_65"
"1698_Karab","Plate_10_Samp_66"
"1656_Kalkan","Plate_10_Samp_67"
"390_Bari3","Plate_10_Samp_68"
"1141_Derici","Plate_10_Samp_69"
"2690_S2Drd","Plate_10_Samp_7"
"1204_Derici","Plate_10_Samp_70"
"2572_S2Drd","Plate_10_Samp_71"
"3156_Sirnak","Plate_10_Samp_72"
"130_Bari2","Plate_10_Samp_73"
"1076_Cudi2","Plate_10_Samp_74"
"3102_Sirnak","Plate_10_Samp_75"
"2988_Sirnak","Plate_10_Samp_76"
"1006_Cudi2","Plate_10_Samp_77"
"1720_Karab","Plate_10_Samp_78"
"2531_S2Drd","Plate_10_Samp_79"
"275_Bari3","Plate_10_Samp_8"
"2086_Kayatape","Plate_10_Samp_80"
"665_Cudi1","Plate_10_Samp_81"
"1207_Derici","Plate_10_Samp_82"
"1040_Cudi2","Plate_10_Samp_83"
"1764_Karabace","Plate_10_Samp_84"
"1875_Karabace","Plate_10_Samp_85"
"1106_Cudi2","Plate_10_Samp_86"
"3186_Sirnak","Plate_10_Samp_87"
"3253_Sirnak","Plate_10_Samp_88"
"1002_Cudi2","Plate_10_Samp_89"
"408_Bari3","Plate_10_Samp_9"
"1396_Egil","Plate_10_Samp_90"
"1906_Karabace","Plate_10_Samp_91"
"1004_Cudi2","Plate_10_Samp_92"
"1623_Kalkan","Plate_10_Samp_93"
"1100_Cudi2","Plate_10_Samp_94"
"1781_Karabace","Plate_10_Samp_95"
"3214_Sirnak","Plate_11_Samp_1"
"771_Cudi1","Plate_11_Samp_10"
"2241_Kesentas","Plate_11_Samp_11"
"890_Cudi2","Plate_11_Samp_12"
"3069_Sirnak","Plate_11_Samp_13"
"30_Bari1","Plate_11_Samp_14"
"2926_Sirnak","Plate_11_Samp_15"
"2384_Oyali","Plate_11_Samp_16"
"238_Bari3","Plate_11_Samp_17"
"3237_Sirnak","Plate_11_Samp_18"
"449_Besev","Plate_11_Samp_19"
"496_Besev","Plate_11_Samp_2"
"566_Cermik","Plate_11_Samp_20"
"1521_Gunas","Plate_11_Samp_21"
"2232_Kesentas","Plate_11_Samp_22"
"1425_Egil","Plate_11_Samp_23"
"1518_Gunas","Plate_11_Samp_24"
"3267_Sirnak","Plate_11_Samp_25"
"2281_Kesentas","Plate_11_Samp_26"
"1864_Karabace","Plate_11_Samp_27"
"2704_Sarika","Plate_11_Samp_28"
"691_Cudi1","Plate_11_Samp_29"
"3095_Sirnak","Plate_11_Samp_3"
"526_Cermik","Plate_11_Samp_30"
"1510_Gunas","Plate_11_Samp_31"
"3066_Sirnak","Plate_11_Samp_32"
"994_Cudi2","Plate_11_Samp_33"
"543_Cermik","Plate_11_Samp_34"
"2592_S2Drd","Plate_11_Samp_35"
"2224_Kesentas","Plate_11_Samp_36"
"2405_Oyali","Plate_11_Samp_37"
"781_Cudi1","Plate_11_Samp_38"
"1896_Karabace","Plate_11_Samp_39"
"1449_Egil","Plate_11_Samp_4"
"506_Besev","Plate_11_Samp_40"
"3259_Sirnak","Plate_11_Samp_41"
"2393_Oyali","Plate_11_Samp_42"
"1360_Destek","Plate_11_Samp_43"
"1995_Karabace","Plate_11_Samp_44"
"1225_Destek","Plate_11_Samp_45"
"1621_Kalkan","Plate_11_Samp_46"
"1958_Karabace","Plate_11_Samp_47"
"2945_Sirnak","Plate_11_Samp_48"
"599_Cudi1","Plate_11_Samp_49"
"1897_Karabace","Plate_11_Samp_5"
"784_Cudi1","Plate_11_Samp_50"
"1608_Kalkan","Plate_11_Samp_51"
"2517_S2Drd","Plate_11_Samp_52"
"961_Cudi2","Plate_11_Samp_53"
"291_Bari3","Plate_11_Samp_54"
"2847_Sirna","Plate_11_Samp_55"
"1403_Egil","Plate_11_Samp_56"
"1986_Karabace","Plate_11_Samp_57"
"3138_Sirnak","Plate_11_Samp_58"
"205_Bari3","Plate_11_Samp_59"
"519_Besev","Plate_11_Samp_6"
"1619_Kalkan","Plate_11_Samp_60"
"2093_Kayatape","Plate_11_Samp_61"
"2165_Kesantas","Plate_11_Samp_62"
"111_Bari2","Plate_11_Samp_63"
"1804_Karabace","Plate_11_Samp_64"
"554_Cermik","Plate_11_Samp_65"
"3076_Sirnak","Plate_11_Samp_66"
"3290_Sirnak","Plate_11_Samp_67"
"2504_S2Drd","Plate_11_Samp_68"
"862_Cudi2","Plate_11_Samp_69"
"1052_Cudi2","Plate_11_Samp_7"
"2438_Oyali","Plate_11_Samp_70"
"1743_Karabace","Plate_11_Samp_71"
"1216_Derici","Plate_11_Samp_72"
"2449_Oyali","Plate_11_Samp_73"
"1607_Kalkan","Plate_11_Samp_74"
"1479_Egil","Plate_11_Samp_75"
"2400_Oyali","Plate_11_Samp_76"
"2347_Oyali","Plate_11_Samp_77"
"1759_Karabace","Plate_11_Samp_78"
"3226_Sirnak","Plate_11_Samp_79"
"3002_Sirnak","Plate_11_Samp_8"
"376_Bari3","Plate_11_Samp_80"
"1031_Cudi2","Plate_11_Samp_81"
"2162_Kesantas","Plate_11_Samp_82"
"723_Cudi1","Plate_11_Samp_83"
"1813_Karabace","Plate_11_Samp_84"
"198_Bari3","Plate_11_Samp_85"
"2192_Kesentas","Plate_11_Samp_86"
"2427_Oyali","Plate_11_Samp_87"
"4_Bari1","Plate_11_Samp_88"
"1101_Cudi2","Plate_11_Samp_89"
"3217_Sirnak","Plate_11_Samp_9"
"280_Bari3","Plate_11_Samp_90"
"1476_Egil","Plate_11_Samp_91"
"1945_Karabace","Plate_11_Samp_92"
"221_Bari3","Plate_11_Samp_93"
"1930_Karabace","Plate_11_Samp_94"
"2415_Oyali","Plate_11_Samp_95"
"581_Cermik","Plate_12_Samp_1"
"1962_Karabace","Plate_12_Samp_10"
"399_Bari3","Plate_12_Samp_11"
"364_Bari3","Plate_12_Samp_12"
"2381_Oyali","Plate_12_Samp_13"
"2261_Kesentas","Plate_12_Samp_14"
"1792_Karabace","Plate_12_Samp_15"
"2760_Sarikaya","Plate_12_Samp_16"
"2935_Sirnak","Plate_12_Samp_17"
"1294_Destek","Plate_12_Samp_18"
"2327_Oyali","Plate_12_Samp_19"
"553_Cermik","Plate_12_Samp_2"
"2936_Sirnak","Plate_12_Samp_20"
"453_Besev","Plate_12_Samp_21"
"3025_Sirnak","Plate_12_Samp_22"
"3263_Sirnak","Plate_12_Samp_23"
"2313_Ortan","Plate_12_Samp_24"
"1954_Karabace","Plate_12_Samp_25"
"288_Bari3","Plate_12_Samp_26"
"1333_Destek","Plate_12_Samp_27"
"396_Bari3","Plate_12_Samp_28"
"637_Cudi1","Plate_12_Samp_29"
"2134_Kesantas","Plate_12_Samp_3"
"1444_Egil","Plate_12_Samp_30"
"2098_Kayatape","Plate_12_Samp_31"
"2171_Kesantas","Plate_12_Samp_32"
"1046_Cudi2","Plate_12_Samp_33"
"491_Besev","Plate_12_Samp_34"
"1889_Karabace","Plate_12_Samp_35"
"758_Cudi1","Plate_12_Samp_36"
"1852_Karabace","Plate_12_Samp_37"
"1357_Destek","Plate_12_Samp_38"
"292_Bari3","Plate_12_Samp_39"
"3268_Sirnak","Plate_12_Samp_4"
"2463_Oyali","Plate_12_Samp_40"
"1899_Karabace","Plate_12_Samp_41"
"1151_Derici","Plate_12_Samp_42"
"2703_Sarika","Plate_12_Samp_43"
"738_Cudi1","Plate_12_Samp_44"
"155_Bari2","Plate_12_Samp_45"
"885_Cudi2","Plate_12_Samp_46"
"1683_Karab","Plate_12_Samp_47"
"1587_Kalkan","Plate_12_Samp_48"
"590_Cermik","Plate_12_Samp_49"
"1673_Kalkan","Plate_12_Samp_5"
"2446_Oyali","Plate_12_Samp_50"
"2796_Sarikaya","Plate_12_Samp_51"
"219_Bari3","Plate_12_Samp_52"
"632_Cudi1","Plate_12_Samp_53"
"151_Bari2","Plate_12_Samp_54"
"1231_Destek","Plate_12_Samp_55"
"3227_Sirnak","Plate_12_Samp_56"
"1947_Karabace","Plate_12_Samp_57"
"2629_S2Drd","Plate_12_Samp_58"
"527_Cermik","Plate_12_Samp_59"
"2693_S2Drd","Plate_12_Samp_6"
"1405_Egil","Plate_12_Samp_60"
"495_Besev","Plate_12_Samp_61"
"2030_Karabace","Plate_12_Samp_62"
"3124_Sirnak","Plate_12_Samp_63"
"545_Cermik","Plate_12_Samp_64"
"2406_Oyali","Plate_12_Samp_65"
"2173_Kesantas","Plate_12_Samp_66"
"488_Besev","Plate_12_Samp_67"
"2158_Kesantas","Plate_12_Samp_68"
"3078_Sirnak","Plate_12_Samp_69"
"2033_Karabace","Plate_12_Samp_7"
"2503_S2Drd","Plate_12_Samp_70"
"1005_Cudi2","Plate_12_Samp_71"
"1282_Destek","Plate_12_Samp_72"
"2058_Kayatape","Plate_12_Samp_73"
"2089_Kayatape","Plate_12_Samp_74"
"2674_S2Drd","Plate_12_Samp_75"
"752_Cudi1","Plate_12_Samp_76"
"3090_Sirnak","Plate_12_Samp_77"
"1950_Karabace","Plate_12_Samp_78"
"1881_Karabace","Plate_12_Samp_79"
"493_Besev","Plate_12_Samp_8"
"2376_Oyali","Plate_12_Samp_80"
"1438_Egil","Plate_12_Samp_81"
"2615_S2Drd","Plate_12_Samp_82"
"1649_Kalkan","Plate_12_Samp_83"
"365_Bari3","Plate_12_Samp_84"
"1940_Karabace","Plate_12_Samp_85"
"61_Bari1","Plate_12_Samp_86"
"2452_Oyali","Plate_12_Samp_87"
"1793_Karabace","Plate_12_Samp_88"
"2952_Sirnak","Plate_12_Samp_89"
"3135_Sirnak","Plate_12_Samp_9"
"2532_S2Drd","Plate_12_Samp_90"
"3189_Sirnak","Plate_12_Samp_91"
"466_Besev","Plate_12_Samp_92"
"1938_Karabace","Plate_12_Samp_93"
"1601_Kalkan","Plate_12_Samp_94"
"646_Cudi1","Plate_12_Samp_95"
"2967_Sirnak","Plate_13_Samp_1"
"2137_Kesantas","Plate_13_Samp_10"
"1715_Karab","Plate_13_Samp_11"
"2289_Ortan","Plate_13_Samp_12"
"2018_Karabace","Plate_13_Samp_13"
"1272_Destek","Plate_13_Samp_14"
"1468_Egil","Plate_13_Samp_15"
"1416_Egil","Plate_13_Samp_16"
"688_Cudi1","Plate_13_Samp_17"
"67_Bari1","Plate_13_Samp_18"
"2932_Sirnak","Plate_13_Samp_19"
"2231_Kesentas","Plate_13_Samp_2"
"12_Bari1","Plate_13_Samp_20"
"2747_Sarikaya","Plate_13_Samp_21"
"2178_Kesantas","Plate_13_Samp_22"
"1970_Karabace","Plate_13_Samp_23"
"3001_Sirnak","Plate_13_Samp_24"
"2000_Karabace","Plate_13_Samp_25"
"2330_Oyali","Plate_13_Samp_26"
"2266_Kesentas","Plate_13_Samp_27"
"715_Cudi1","Plate_13_Samp_28"
"1911_Karabace","Plate_13_Samp_29"
"1501_Gunas","Plate_13_Samp_3"
"486_Besev","Plate_13_Samp_30"
"1436_Egil","Plate_13_Samp_31"
"1345_Destek","Plate_13_Samp_32"
"1786_Karabace","Plate_13_Samp_33"
"575_Cermik","Plate_13_Samp_34"
"2743_Sarikaya","Plate_13_Samp_35"
"919_Cudi2","Plate_13_Samp_36"
"3013_Sirnak","Plate_13_Samp_37"
"836_Cudi1","Plate_13_Samp_38"
"3280_Sirnak","Plate_13_Samp_39"
"2149_Kesantas","Plate_13_Samp_4"
"1478_Egil","Plate_13_Samp_40"
"1450_Egil","Plate_13_Samp_41"
"252_Bari3","Plate_13_Samp_42"
"782_Cudi1","Plate_13_Samp_43"
"1366_Destek","Plate_13_Samp_44"
"129_Bari2","Plate_13_Samp_45"
"2186_Kesantas","Plate_13_Samp_46"
"2620_S2Drd","Plate_13_Samp_47"
"2617_S2Drd","Plate_13_Samp_48"
"1782_Karabace","Plate_13_Samp_49"
"1145_Derici","Plate_13_Samp_5"
"3040_Sirnak","Plate_13_Samp_50"
"357_Bari3","Plate_13_Samp_51"
"928_Cudi2","Plate_13_Samp_52"
"1884_Karabace","Plate_13_Samp_53"
"535_Cermik","Plate_13_Samp_54"
"1338_Destek","Plate_13_Samp_55"
"861_Cudi2","Plate_13_Samp_56"
"1134_Derici","Plate_13_Samp_57"
"146_Bari2","Plate_13_Samp_58"
"826_Cudi1","Plate_13_Samp_59"
"700_Cudi1","Plate_13_Samp_6"
"1734_Karabace","Plate_13_Samp_60"
"1473_Egil","Plate_13_Samp_61"
"337_Bari3","Plate_13_Samp_62"
"56_Bari1","Plate_13_Samp_63"
"2670_S2Drd","Plate_13_Samp_64"
"2575_S2Drd","Plate_13_Samp_65"
"363_Bari3","Plate_13_Samp_66"
"2462_Oyali","Plate_13_Samp_67"
"1463_Egil","Plate_13_Samp_68"
"2373_Oyali","Plate_13_Samp_69"
"211_Bari3","Plate_13_Samp_7"
"249_Bari3","Plate_13_Samp_70"
"2608_S2Drd","Plate_13_Samp_71"
"1164_Derici","Plate_13_Samp_72"
"2307_Ortan","Plate_13_Samp_73"
"2538_S2Drd","Plate_13_Samp_74"
"1714_Karab","Plate_13_Samp_75"
"1420_Egil","Plate_13_Samp_76"
"2087_Kayatape","Plate_13_Samp_77"
"2359_Oyali","Plate_13_Samp_78"
"936_Cudi2","Plate_13_Samp_79"
"1848_Karabace","Plate_13_Samp_8"
"1582_Kalkan","Plate_13_Samp_80"
"2640_S2Drd","Plate_13_Samp_81"
"941_Cudi2","Plate_13_Samp_82"
"1292_Destek","Plate_13_Samp_83"
"719_Cudi1","Plate_13_Samp_84"
"1589_Kalkan","Plate_13_Samp_85"
"1788_Karabace","Plate_13_Samp_86"
"1671_Kalkan","Plate_13_Samp_87"
"1808_Karabace","Plate_13_Samp_88"
"384_Bari3","Plate_13_Samp_89"
"1205_Derici","Plate_13_Samp_9"
"684_Cudi1","Plate_13_Samp_90"
"2195_Kesentas","Plate_13_Samp_91"
"2586_S2Drd","Plate_13_Samp_92"
"2579_S2Drd","Plate_13_Samp_93"
"2959_Sirnak","Plate_13_Samp_94"
"1386_Destek","Plate_13_Samp_95"
"125_Bari2","Plate_14_Samp_1"
"2423_Oyali","Plate_14_Samp_10"
"103_Bari2","Plate_14_Samp_11"
"1640_Kalkan","Plate_14_Samp_12"
"1637_Kalkan","Plate_14_Samp_13"
"1646_Kalkan","Plate_14_Samp_14"
"1691_Karab","Plate_14_Samp_15"
"152_Bari2","Plate_14_Samp_16"
"598_Cudi1","Plate_14_Samp_17"
"24_Bari1","Plate_14_Samp_18"
"1050_Cudi2","Plate_14_Samp_19"
"256_Bari3","Plate_14_Samp_2"
"2772_Sarikaya","Plate_14_Samp_20"
"1562_Kalkan","Plate_14_Samp_21"
"3213_Sirnak","Plate_14_Samp_22"
"2898_Sirna","Plate_14_Samp_23"
"1968_Karabace","Plate_14_Samp_24"
"2354_Oyali","Plate_14_Samp_25"
"1728_Karabace","Plate_14_Samp_26"
"2284_Ortan","Plate_14_Samp_27"
"671_Cudi1","Plate_14_Samp_28"
"437_Besev","Plate_14_Samp_29"
"3192_Sirnak","Plate_14_Samp_3"
"2177_Kesantas","Plate_14_Samp_30"
"778_Cudi1","Plate_14_Samp_31"
"1538_Gunas","Plate_14_Samp_32"
"2567_S2Drd","Plate_14_Samp_33"
"442_Besev","Plate_14_Samp_34"
"1610_Kalkan","Plate_14_Samp_35"
"2530_S2Drd","Plate_14_Samp_36"
"1611_Kalkan","Plate_14_Samp_37"
"795_Cudi1","Plate_14_Samp_38"
"1703_Karab","Plate_14_Samp_39"
"2229_Kesentas","Plate_14_Samp_4"
"59_Bari1","Plate_14_Samp_40"
"952_Cudi2","Plate_14_Samp_41"
"705_Cudi1","Plate_14_Samp_42"
"2280_Kesentas","Plate_14_Samp_43"
"2876_Sirna","Plate_14_Samp_44"
"3212_Sirnak","Plate_14_Samp_45"
"1181_Derici","Plate_14_Samp_46"
"273_Bari3","Plate_14_Samp_47"
"23_Bari1","Plate_14_Samp_48"
"503_Besev","Plate_14_Samp_49"
"1126_Derici","Plate_14_Samp_5"
"1154_Derici","Plate_14_Samp_50"
"2472_Oyali","Plate_14_Samp_51"
"644_Cudi1","Plate_14_Samp_52"
"2653_S2Drd","Plate_14_Samp_53"
"2143_Kesantas","Plate_14_Samp_54"
"1651_Kalkan","Plate_14_Samp_55"
"905_Cudi2","Plate_14_Samp_56"
"51_Bari1","Plate_14_Samp_57"
"703_Cudi1","Plate_14_Samp_58"
"1054_Cudi2","Plate_14_Samp_59"
"2334_Oyali","Plate_14_Samp_6"
"2794_Sarikaya","Plate_14_Samp_60"
"1483_Egil","Plate_14_Samp_61"
"2877_Sirna","Plate_14_Samp_62"
"2981_Sirnak","Plate_14_Samp_63"
"2252_Kesentas","Plate_14_Samp_64"
"2322_Ortan","Plate_14_Samp_65"
"2901_Sirna","Plate_14_Samp_66"
"75_Bari1","Plate_14_Samp_67"
"54_Bari1","Plate_14_Samp_68"
"2550_S2Drd","Plate_14_Samp_69"
"3241_Sirnak","Plate_14_Samp_7"
"1984_Karabace","Plate_14_Samp_70"
"872_Cudi2","Plate_14_Samp_71"
"2731_Sarikaya","Plate_14_Samp_72"
"2682_S2Drd","Plate_14_Samp_73"
"2510_S2Drd","Plate_14_Samp_74"
"1147_Derici","Plate_14_Samp_75"
"1263_Destek","Plate_14_Samp_76"
"2562_S2Drd","Plate_14_Samp_77"
"2_Bari1","Plate_14_Samp_78"
"1271_Destek","Plate_14_Samp_79"
"1754_Karabace","Plate_14_Samp_8"
"1795_Karabace","Plate_14_Samp_80"
"525_Cermik","Plate_14_Samp_81"
"808_Cudi1","Plate_14_Samp_82"
"2633_S2Drd","Plate_14_Samp_83"
"2929_Sirnak","Plate_14_Samp_84"
"444_Besev","Plate_14_Samp_85"
"944_Cudi2","Plate_14_Samp_86"
"1919_Karabace","Plate_14_Samp_87"
"1971_Karabace","Plate_14_Samp_88"
"2116_Kayatepe","Plate_14_Samp_89"
"2576_S2Drd","Plate_14_Samp_9"
"2367_Oyali","Plate_14_Samp_90"
"1339_Destek","Plate_14_Samp_91"
"299_Bari3","Plate_14_Samp_92"
"2909_Sirna","Plate_14_Samp_93"
"1622_Kalkan","Plate_14_Samp_94"
"3036_Sirnak","Plate_14_Samp_95"
"557_Cermik","Plate_15_Samp_1"
"891_Cudi2","Plate_15_Samp_10"
"1635_Kalkan","Plate_15_Samp_11"
"831_Cudi1","Plate_15_Samp_12"
"867_Cudi2","Plate_15_Samp_13"
"3115_Sirnak","Plate_15_Samp_14"
"448_Besev","Plate_15_Samp_15"
"759_Cudi1","Plate_15_Samp_16"
"2762_Sarikaya","Plate_15_Samp_17"
"405_Bari3","Plate_15_Samp_18"
"2968_Sirnak","Plate_15_Samp_19"
"921_Cudi2","Plate_15_Samp_2"
"1520_Gunas","Plate_15_Samp_20"
"3240_Sirnak","Plate_15_Samp_21"
"119_Bari2","Plate_15_Samp_22"
"137_Bari2","Plate_15_Samp_23"
"187_Bari3","Plate_15_Samp_24"
"972_Cudi2","Plate_15_Samp_25"
"2774_Sarikaya","Plate_15_Samp_26"
"3063_Sirnak","Plate_15_Samp_27"
"1311_Destek","Plate_15_Samp_28"
"76_Bari1","Plate_15_Samp_29"
"2196_Kesentas","Plate_15_Samp_3"
"856_Cudi2","Plate_15_Samp_30"
"1044_Cudi2","Plate_15_Samp_31"
"1193_Derici","Plate_15_Samp_32"
"942_Cudi2","Plate_15_Samp_33"
"1597_Kalkan","Plate_15_Samp_34"
"652_Cudi1","Plate_15_Samp_35"
"29_Bari1","Plate_15_Samp_36"
"726_Cudi1","Plate_15_Samp_37"
"2188_Kesantas","Plate_15_Samp_38"
"1240_Destek","Plate_15_Samp_39"
"3287_Sirnak","Plate_15_Samp_4"
"2831_Savur-Pina","Plate_15_Samp_40"
"2482_Oyali","Plate_15_Samp_41"
"104_Bari2","Plate_15_Samp_42"
"2283_Ortan","Plate_15_Samp_43"
"908_Cudi2","Plate_15_Samp_44"
"957_Cudi2","Plate_15_Samp_45"
"220_Bari3","Plate_15_Samp_46"
"1132_Derici","Plate_15_Samp_47"
"966_Cudi2","Plate_15_Samp_48"
"2433_Oyali","Plate_15_Samp_49"
"2710_Sarika","Plate_15_Samp_5"
"1829_Karabace","Plate_15_Samp_50"
"512_Besev","Plate_15_Samp_51"
"1457_Egil","Plate_15_Samp_52"
"1095_Cudi2","Plate_15_Samp_53"
"627_Cudi1","Plate_15_Samp_54"
"1676_Kalkan","Plate_15_Samp_55"
"2434_Oyali","Plate_15_Samp_56"
"1170_Derici","Plate_15_Samp_57"
"1477_Egil","Plate_15_Samp_58"
"1081_Cudi2","Plate_15_Samp_59"
"201_Bari3","Plate_15_Samp_6"
"400_Bari3","Plate_15_Samp_60"
"1773_Karabace","Plate_15_Samp_61"
"2251_Kesentas","Plate_15_Samp_62"
"2679_S2Drd","Plate_15_Samp_63"
"2478_Oyali","Plate_15_Samp_64"
"1423_Egil","Plate_15_Samp_65"
"1826_Karabace","Plate_15_Samp_66"
"3248_Sirnak","Plate_15_Samp_67"
"1285_Destek","Plate_15_Samp_68"
"492_Besev","Plate_15_Samp_69"
"2279_Kesentas","Plate_15_Samp_7"
"2529_S2Drd","Plate_15_Samp_70"
"608_Cudi1","Plate_15_Samp_71"
"265_Bari3","Plate_15_Samp_72"
"2662_S2Drd","Plate_15_Samp_73"
"959_Cudi2","Plate_15_Samp_74"
"2812_Savur","Plate_15_Samp_75"
"2431_Oyali","Plate_15_Samp_76"
"2950_Sirnak","Plate_15_Samp_77"
"3043_Sirnak","Plate_15_Samp_78"
"314_Bari3","Plate_15_Samp_79"
"2692_S2Drd","Plate_15_Samp_8"
"2552_S2Drd","Plate_15_Samp_80"
"176_Bari3","Plate_15_Samp_81"
"981_Cudi2","Plate_15_Samp_82"
"641_Cudi1","Plate_15_Samp_83"
"2866_Sirna","Plate_15_Samp_84"
"769_Cudi1","Plate_15_Samp_85"
"479_Besev","Plate_15_Samp_86"
"1746_Karabace","Plate_15_Samp_87"
"474_Besev","Plate_15_Samp_88"
"992_Cudi2","Plate_15_Samp_89"
"2476_Oyali","Plate_15_Samp_9"
"837_Cudi1","Plate_15_Samp_90"
"423_Bari3","Plate_15_Samp_91"
"1082_Cudi2","Plate_15_Samp_92"
"958_Cudi2","Plate_15_Samp_93"
"2481_Oyali","Plate_15_Samp_94"
"1861_Karabace","Plate_15_Samp_95"
"1083_Cudi2","Plate_16_Samp_1"
"1768_Karabace","Plate_16_Samp_10"
"3074_Sirnak","Plate_16_Samp_11"
"976_Cudi2","Plate_16_Samp_12"
"2500_S2Drd","Plate_16_Samp_13"
"1753_Karabace","Plate_16_Samp_14"
"1775_Karabace","Plate_16_Samp_15"
"2578_S2Drd","Plate_16_Samp_16"
"1301_Destek","Plate_16_Samp_17"
"1924_Karabace","Plate_16_Samp_18"
"2512_S2Drd","Plate_16_Samp_19"
"3107_Sirnak","Plate_16_Samp_2"
"911_Cudi2","Plate_16_Samp_20"
"2477_Oyali","Plate_16_Samp_21"
"2499_S2Drd","Plate_16_Samp_22"
"34_Bari1","Plate_16_Samp_23"
"1303_Destek","Plate_16_Samp_24"
"1041_Cudi2","Plate_16_Samp_25"
"1810_Karabace","Plate_16_Samp_26"
"2511_S2Drd","Plate_16_Samp_27"
"2921_Sirna","Plate_16_Samp_28"
"2625_S2Drd","Plate_16_Samp_29"
"2368_Oyali","Plate_16_Samp_3"
"2168_Kesantas","Plate_16_Samp_30"
"50_Bari1","Plate_16_Samp_31"
"940_Cudi2","Plate_16_Samp_32"
"3127_Sirnak","Plate_16_Samp_33"
"1080_Cudi2","Plate_16_Samp_34"
"739_Cudi1","Plate_16_Samp_35"
"2923_Sirna","Plate_16_Samp_36"
"1667_Kalkan","Plate_16_Samp_37"
"1695_Karab","Plate_16_Samp_38"
"8_Bari1","Plate_16_Samp_39"
"3020_Sirnak","Plate_16_Samp_4"
"2839_Savur-Pina","Plate_16_Samp_40"
"501_Besev","Plate_16_Samp_41"
"3174_Sirnak","Plate_16_Samp_42"
"2465_Oyali","Plate_16_Samp_43"
"2897_Sirna","Plate_16_Samp_44"
"2448_Oyali","Plate_16_Samp_45"
"3144_Sirnak","Plate_16_Samp_46"
"2673_S2Drd","Plate_16_Samp_47"
"1259_Destek","Plate_16_Samp_48"
"2646_S2Drd","Plate_16_Samp_49"
"677_Cudi1","Plate_16_Samp_5"
"1233_Destek","Plate_16_Samp_50"
"2051_Kayatape","Plate_16_Samp_51"
"48_Bari1","Plate_16_Samp_52"
"1353_Destek","Plate_16_Samp_53"
"865_Cudi2","Plate_16_Samp_54"
"432_Besev","Plate_16_Samp_55"
"476_Besev","Plate_16_Samp_56"
"1863_Karabace","Plate_16_Samp_57"
"549_Cermik","Plate_16_Samp_58"
"1967_Karabace","Plate_16_Samp_59"
"1335_Destek","Plate_16_Samp_6"
"766_Cudi1","Plate_16_Samp_60"
"3168_Sirnak","Plate_16_Samp_61"
"2995_Sirnak","Plate_16_Samp_62"
"1992_Karabace","Plate_16_Samp_63"
"1383_Destek","Plate_16_Samp_64"
"1506_Gunas","Plate_16_Samp_65"
"2881_Sirna","Plate_16_Samp_66"
"2483_Oyali","Plate_16_Samp_67"
"746_Cudi1","Plate_16_Samp_68"
"179_Bari3","Plate_16_Samp_69"
"1302_Destek","Plate_16_Samp_7"
"920_Cudi2","Plate_16_Samp_70"
"2466_Oyali","Plate_16_Samp_71"
"2767_Sarikaya","Plate_16_Samp_72"
"263_Bari3","Plate_16_Samp_73"
"1724_Karab","Plate_16_Samp_74"
"2801_Savur","Plate_16_Samp_75"
"2544_S2Drd","Plate_16_Samp_76"
"1452_Egil","Plate_16_Samp_77"
"1459_Egil","Plate_16_Samp_78"
"1540_Gunas","Plate_16_Samp_79"
"2479_Oyali","Plate_16_Samp_8"
"1644_Kalkan","Plate_16_Samp_80"
"711_Cudi1","Plate_16_Samp_81"
"1401_Egil","Plate_16_Samp_82"
"1929_Karabace","Plate_16_Samp_83"
"2374_Oyali","Plate_16_Samp_84"
"1876_Karabace","Plate_16_Samp_85"
"1428_Egil","Plate_16_Samp_86"
"612_Cudi1","Plate_16_Samp_87"
"848_Cudi2","Plate_16_Samp_88"
"1687_Karab","Plate_16_Samp_89"
"1063_Cudi2","Plate_16_Samp_9"
"1708_Karab","Plate_16_Samp_90"
"2975_Sirnak","Plate_16_Samp_91"
"1374_Destek","Plate_16_Samp_92"
"458_Besev","Plate_16_Samp_93"
"2755_Sarikaya","Plate_16_Samp_94"
"45_Bari1","Plate_16_Samp_95"
"2441_Oyali","Plate_17_Samp_1"
"1615_Kalkan","Plate_17_Samp_10"
"1661_Kalkan","Plate_17_Samp_11"
"3012_Sirnak","Plate_17_Samp_12"
"1965_Karabace","Plate_17_Samp_13"
"3265_Sirnak","Plate_17_Samp_14"
"2028_Karabace","Plate_17_Samp_15"
"3028_Sirnak","Plate_17_Samp_16"
"3042_Sirnak","Plate_17_Samp_17"
"2501_S2Drd","Plate_17_Samp_18"
"2523_S2Drd","Plate_17_Samp_19"
"2221_Kesentas","Plate_17_Samp_2"
"2282_Kesentas","Plate_17_Samp_20"
"2312_Ortan","Plate_17_Samp_21"
"343_Bari3","Plate_17_Samp_22"
"3166_Sirnak","Plate_17_Samp_23"
"2861_Sirna","Plate_17_Samp_24"
"2061_Kayatape","Plate_17_Samp_25"
"880_Cudi2","Plate_17_Samp_26"
"732_Cudi1","Plate_17_Samp_27"
"90_Bari2","Plate_17_Samp_28"
"868_Cudi2","Plate_17_Samp_29"
"2541_S2Drd","Plate_17_Samp_3"
"985_Cudi2","Plate_17_Samp_30"
"727_Cudi1","Plate_17_Samp_31"
"2240_Kesentas","Plate_17_Samp_32"
"1163_Derici","Plate_17_Samp_33"
"638_Cudi1","Plate_17_Samp_34"
"2800_Savur","Plate_17_Samp_35"
"1742_Karabace","Plate_17_Samp_36"
"1684_Karab","Plate_17_Samp_37"
"2885_Sirna","Plate_17_Samp_38"
"2407_Oyali","Plate_17_Samp_39"
"451_Besev","Plate_17_Samp_4"
"1200_Derici","Plate_17_Samp_40"
"1427_Egil","Plate_17_Samp_41"
"1241_Destek","Plate_17_Samp_42"
"1559_Gunas","Plate_17_Samp_43"
"2783_Sarikaya","Plate_17_Samp_44"
"2174_Kesantas","Plate_17_Samp_45"
"1886_Karabace","Plate_17_Samp_46"
"264_Bari3","Plate_17_Samp_47"
"882_Cudi2","Plate_17_Samp_48"
"2799_Sarikaya","Plate_17_Samp_49"
"1620_Kalkan","Plate_17_Samp_5"
"2153_Kesantas","Plate_17_Samp_50"
"685_Cudi1","Plate_17_Samp_51"
"182_Bari3","Plate_17_Samp_52"
"2917_Sirna","Plate_17_Samp_53"
"623_Cudi1","Plate_17_Samp_54"
"515_Besev","Plate_17_Samp_55"
"1451_Egil","Plate_17_Samp_56"
"1858_Karabace","Plate_17_Samp_57"
"695_Cudi1","Plate_17_Samp_58"
"2382_Oyali","Plate_17_Samp_59"
"750_Cudi1","Plate_17_Samp_6"
"1778_Karabace","Plate_17_Samp_60"
"2131_Kayatepe","Plate_17_Samp_61"
"577_Cermik","Plate_17_Samp_62"
"2397_Oyali","Plate_17_Samp_63"
"563_Cermik","Plate_17_Samp_64"
"1595_Kalkan","Plate_17_Samp_65"
"932_Cudi2","Plate_17_Samp_66"
"1431_Egil","Plate_17_Samp_67"
"2724_Sarika","Plate_17_Samp_68"
"2697_S2Drd","Plate_17_Samp_69"
"2928_Sirnak","Plate_17_Samp_7"
"565_Cermik","Plate_17_Samp_70"
"2412_Oyali","Plate_17_Samp_71"
"967_Cudi2","Plate_17_Samp_72"
"3053_Sirnak","Plate_17_Samp_73"
"2780_Sarikaya","Plate_17_Samp_74"
"1679_Kalkan","Plate_17_Samp_75"
"1505_Gunas","Plate_17_Samp_76"
"2324_Ortan","Plate_17_Samp_77"
"1750_Karabace","Plate_17_Samp_78"
"1435_Egil","Plate_17_Samp_79"
"1495_Gunas","Plate_17_Samp_8"
"3272_Sirnak","Plate_17_Samp_80"
"1701_Karab","Plate_17_Samp_81"
"2871_Sirna","Plate_17_Samp_82"
"1087_Cudi2","Plate_17_Samp_83"
"1555_Gunas","Plate_17_Samp_84"
"2206_Kesentas","Plate_17_Samp_85"
"2597_S2Drd","Plate_17_Samp_86"
"1922_Karabace","Plate_17_Samp_87"
"2771_Sarikaya","Plate_17_Samp_88"
"2170_Kesantas","Plate_17_Samp_89"
"3111_Sirnak","Plate_17_Samp_9"
"1180_Derici","Plate_17_Samp_90"
"2047_Kayatape","Plate_17_Samp_91"
"1809_Karabace","Plate_17_Samp_92"
"3230_Sirnak","Plate_17_Samp_93"
"1613_Kalkan","Plate_17_Samp_94"
"345_Bari3","Plate_17_Samp_95"
"2748_Sarikaya","Plate_18_Samp_1"
"402_Bari3","Plate_18_Samp_10"
"2521_S2Drd","Plate_18_Samp_11"
"2181_Kesantas","Plate_18_Samp_12"
"1502_Gunas","Plate_18_Samp_13"
"930_Cudi2","Plate_18_Samp_14"
"233_Bari3","Plate_18_Samp_15"
"813_Cudi1","Plate_18_Samp_16"
"2668_S2Drd","Plate_18_Samp_17"
"2321_Ortan","Plate_18_Samp_18"
"2961_Sirnak","Plate_18_Samp_19"
"3155_Sirnak","Plate_18_Samp_2"
"1121_Derici","Plate_18_Samp_20"
"42_Bari1","Plate_18_Samp_21"
"147_Bari2","Plate_18_Samp_22"
"2002_Karabace","Plate_18_Samp_23"
"1845_Karabace","Plate_18_Samp_24"
"2808_Savur","Plate_18_Samp_25"
"1376_Destek","Plate_18_Samp_26"
"1379_Destek","Plate_18_Samp_27"
"3171_Sirnak","Plate_18_Samp_28"
"1885_Karabace","Plate_18_Samp_29"
"3091_Sirnak","Plate_18_Samp_3"
"431_Bari3","Plate_18_Samp_30"
"2591_S2Drd","Plate_18_Samp_31"
"3_Bari1","Plate_18_Samp_32"
"2951_Sirnak","Plate_18_Samp_33"
"1300_Destek","Plate_18_Samp_34"
"1627_Kalkan","Plate_18_Samp_35"
"214_Bari3","Plate_18_Samp_36"
"2128_Kayatepe","Plate_18_Samp_37"
"2526_S2Drd","Plate_18_Samp_38"
"247_Bari3","Plate_18_Samp_39"
"281_Bari3","Plate_18_Samp_4"
"158_Bari2","Plate_18_Samp_40"
"2659_S2Drd","Plate_18_Samp_41"
"2766_Sarikaya","Plate_18_Samp_42"
"2990_Sirnak","Plate_18_Samp_43"
"88_Bari2","Plate_18_Samp_44"
"307_Bari3","Plate_18_Samp_45"
"1928_Karabace","Plate_18_Samp_46"
"2346_Oyali","Plate_18_Samp_47"
"1583_Kalkan","Plate_18_Samp_48"
"1320_Destek","Plate_18_Samp_49"
"834_Cudi1","Plate_18_Samp_5"
"10_Bari1","Plate_18_Samp_50"
"3044_Sirnak","Plate_18_Samp_51"
"2064_Kayatape","Plate_18_Samp_52"
"2039_Karabace","Plate_18_Samp_53"
"1295_Destek","Plate_18_Samp_54"
"2045_Kayatape","Plate_18_Samp_55"
"1935_Karabace","Plate_18_Samp_56"
"3003_Sirnak","Plate_18_Samp_57"
"1244_Destek","Plate_18_Samp_58"
"1236_Destek","Plate_18_Samp_59"
"2050_Kayatape","Plate_18_Samp_6"
"2348_Oyali","Plate_18_Samp_60"
"2589_S2Drd","Plate_18_Samp_61"
"1228_Destek","Plate_18_Samp_62"
"2075_Kayatape","Plate_18_Samp_63"
"35_Bari1","Plate_18_Samp_64"
"1125_Derici","Plate_18_Samp_65"
"1844_Karabace","Plate_18_Samp_66"
"787_Cudi1","Plate_18_Samp_67"
"1769_Karabace","Plate_18_Samp_68"
"3254_Sirnak","Plate_18_Samp_69"
"2934_Sirnak","Plate_18_Samp_7"
"3081_Sirnak","Plate_18_Samp_70"
"2518_S2Drd","Plate_18_Samp_71"
"3109_Sirnak","Plate_18_Samp_72"
"857_Cudi2","Plate_18_Samp_73"
"327_Bari3","Plate_18_Samp_74"
"1570_Kalkan","Plate_18_Samp_75"
"2458_Oyali","Plate_18_Samp_76"
"2216_Kesentas","Plate_18_Samp_77"
"2343_Oyali","Plate_18_Samp_78"
"255_Bari3","Plate_18_Samp_79"
"1114_Derici","Plate_18_Samp_8"
"2210_Kesentas","Plate_18_Samp_80"
"1901_Karabace","Plate_18_Samp_81"
"1694_Karab","Plate_18_Samp_82"
"178_Bari3","Plate_18_Samp_83"
"2127_Kayatepe","Plate_18_Samp_84"
"456_Besev","Plate_18_Samp_85"
"1012_Cudi2","Plate_18_Samp_86"
"764_Cudi1","Plate_18_Samp_87"
"1872_Karabace","Plate_18_Samp_88"
"779_Cudi1","Plate_18_Samp_89"
"368_Bari3","Plate_18_Samp_9"
"375_Bari3","Plate_18_Samp_90"
"2445_Oyali","Plate_18_Samp_91"
"947_Cudi2","Plate_18_Samp_92"
"1122_Derici","Plate_18_Samp_93"
"2971_Sirnak","Plate_18_Samp_94"
"1641_Kalkan","Plate_18_Samp_95"
"202_Bari3","Plate_19_Samp_1"
"98_Bari2","Plate_19_Samp_10"
"1258_Destek","Plate_19_Samp_11"
"2880_Sirna","Plate_19_Samp_12"
"196_Bari3","Plate_19_Samp_13"
"1614_Kalkan","Plate_19_Samp_14"
"271_Bari3","Plate_19_Samp_15"
"1543_Gunas","Plate_19_Samp_16"
"1943_Karabace","Plate_19_Samp_17"
"3033_Sirnak","Plate_19_Samp_18"
"1951_Karabace","Plate_19_Samp_19"
"163_Bari3","Plate_19_Samp_2"
"1001_Cudi2","Plate_19_Samp_20"
"2003_Karabace","Plate_19_Samp_21"
"1288_Destek","Plate_19_Samp_22"
"1433_Egil","Plate_19_Samp_23"
"584_Cermik","Plate_19_Samp_24"
"2474_Oyali","Plate_19_Samp_25"
"2422_Oyali","Plate_19_Samp_26"
"1672_Kalkan","Plate_19_Samp_27"
"2398_Oyali","Plate_19_Samp_28"
"330_Bari3","Plate_19_Samp_29"
"2103_Kayatape","Plate_19_Samp_3"
"1522_Gunas","Plate_19_Samp_30"
"578_Cermik","Plate_19_Samp_31"
"2716_Sarika","Plate_19_Samp_32"
"2440_Oyali","Plate_19_Samp_33"
"2813_Savur","Plate_19_Samp_34"
"2803_Savur","Plate_19_Samp_35"
"1588_Kalkan","Plate_19_Samp_36"
"521_Cermik","Plate_19_Samp_37"
"1909_Karabace","Plate_19_Samp_38"
"2410_Oyali","Plate_19_Samp_39"
"2607_S2Drd","Plate_19_Samp_4"
"3175_Sirnak","Plate_19_Samp_40"
"1440_Egil","Plate_19_Samp_41"
"2159_Kesantas","Plate_19_Samp_42"
"2145_Kesantas","Plate_19_Samp_43"
"1516_Gunas","Plate_19_Samp_44"
"1084_Cudi2","Plate_19_Samp_45"
"258_Bari3","Plate_19_Samp_46"
"2979_Sirnak","Plate_19_Samp_47"
"296_Bari3","Plate_19_Samp_48"
"1210_Derici","Plate_19_Samp_49"
"1927_Karabace","Plate_19_Samp_5"
"138_Bari2","Plate_19_Samp_50"
"1078_Cudi2","Plate_19_Samp_51"
"3067_Sirnak","Plate_19_Samp_52"
"1203_Derici","Plate_19_Samp_53"
"2037_Karabace","Plate_19_Samp_54"
"389_Bari3","Plate_19_Samp_55"
"2960_Sirnak","Plate_19_Samp_56"
"139_Bari2","Plate_19_Samp_57"
"18_Bari1","Plate_19_Samp_58"
"1168_Derici","Plate_19_Samp_59"
"16_Bari1","Plate_19_Samp_6"
"3289_Sirnak","Plate_19_Samp_60"
"1913_Karabace","Plate_19_Samp_61"
"819_Cudi1","Plate_19_Samp_62"
"539_Cermik","Plate_19_Samp_63"
"215_Bari3","Plate_19_Samp_64"
"2293_Ortan","Plate_19_Samp_65"
"2545_S2Drd","Plate_19_Samp_66"
"490_Besev","Plate_19_Samp_67"
"2687_S2Drd","Plate_19_Samp_68"
"127_Bari2","Plate_19_Samp_69"
"2661_S2Drd","Plate_19_Samp_7"
"617_Cudi1","Plate_19_Samp_70"
"2719_Sarika","Plate_19_Samp_71"
"2508_S2Drd","Plate_19_Samp_72"
"1832_Karabace","Plate_19_Samp_73"
"2735_Sarikaya","Plate_19_Samp_74"
"1830_Karabace","Plate_19_Samp_75"
"2827_Savur-Pina","Plate_19_Samp_76"
"2756_Sarikaya","Plate_19_Samp_77"
"2891_Sirna","Plate_19_Samp_78"
"435_Besev","Plate_19_Samp_79"
"1372_Destek","Plate_19_Samp_8"
"3245_Sirnak","Plate_19_Samp_80"
"3052_Sirnak","Plate_19_Samp_81"
"2852_Sirna","Plate_19_Samp_82"
"1874_Karabace","Plate_19_Samp_83"
"1015_Cudi2","Plate_19_Samp_84"
"2622_S2Drd","Plate_19_Samp_85"
"949_Cudi2","Plate_19_Samp_86"
"1831_Karabace","Plate_19_Samp_87"
"473_Besev","Plate_19_Samp_88"
"2768_Sarikaya","Plate_19_Samp_89"
"2996_Sirnak","Plate_19_Samp_9"
"149_Bari2","Plate_19_Samp_90"
"120_Bari2","Plate_19_Samp_91"
"902_Cudi2","Plate_19_Samp_92"
"1278_Destek","Plate_19_Samp_93"
"1977_Karabace","Plate_19_Samp_94"
"2352_Oyali","Plate_19_Samp_95"
"1327_Destek","Plate_1_Samp_1"
"2994_Sirnak","Plate_1_Samp_10"
"953_Cudi2","Plate_1_Samp_11"
"838_Cudi1","Plate_1_Samp_12"
"262_Bari3","Plate_1_Samp_13"
"540_Cermik","Plate_1_Samp_14"
"1561_Kalkan","Plate_1_Samp_15"
"1866_Karabace","Plate_1_Samp_16"
"793_Cudi1","Plate_1_Samp_17"
"3068_Sirnak","Plate_1_Samp_18"
"359_Bari3","Plate_1_Samp_19"
"1308_Destek","Plate_1_Samp_2"
"2007_Karabace","Plate_1_Samp_20"
"718_Cudi1","Plate_1_Samp_21"
"3048_Sirnak","Plate_1_Samp_22"
"394_Bari3","Plate_1_Samp_23"
"1567_Kalkan","Plate_1_Samp_24"
"3030_Sirnak","Plate_1_Samp_25"
"470_Besev","Plate_1_Samp_26"
"794_Cudi1","Plate_1_Samp_27"
"410_Bari3","Plate_1_Samp_28"
"145_Bari2","Plate_1_Samp_29"
"1146_Derici","Plate_1_Samp_3"
"1828_Karabace","Plate_1_Samp_30"
"2681_S2Drd","Plate_1_Samp_31"
"1021_Cudi2","Plate_1_Samp_32"
"970_Cudi2","Plate_1_Samp_33"
"1497_Gunas","Plate_1_Samp_34"
"1923_Karabace","Plate_1_Samp_35"
"2471_Oyali","Plate_1_Samp_36"
"2201_Kesentas","Plate_1_Samp_37"
"747_Cudi1","Plate_1_Samp_38"
"1057_Cudi2","Plate_1_Samp_39"
"2211_Kesentas","Plate_1_Samp_4"
"755_Cudi1","Plate_1_Samp_40"
"615_Cudi1","Plate_1_Samp_41"
"895_Cudi2","Plate_1_Samp_42"
"228_Bari3","Plate_1_Samp_43"
"224_Bari3","Plate_1_Samp_44"
"168_Bari3","Plate_1_Samp_45"
"1982_Karabace","Plate_1_Samp_46"
"1000_Cudi2","Plate_1_Samp_47"
"523_Cermik","Plate_1_Samp_48"
"143_Bari2","Plate_1_Samp_49"
"2924_Sirna","Plate_1_Samp_5"
"3087_Sirnak","Plate_1_Samp_50"
"2546_S2Drd","Plate_1_Samp_51"
"1358_Destek","Plate_1_Samp_52"
"657_Cudi1","Plate_1_Samp_53"
"436_Besev","Plate_1_Samp_54"
"469_Besev","Plate_1_Samp_55"
"2238_Kesentas","Plate_1_Samp_56"
"926_Cudi2","Plate_1_Samp_57"
"774_Cudi1","Plate_1_Samp_58"
"2325_Ortan","Plate_1_Samp_59"
"1815_Karabace","Plate_1_Samp_6"
"2770_Sarikaya","Plate_1_Samp_60"
"2602_S2Drd","Plate_1_Samp_61"
"1576_Kalkan","Plate_1_Samp_62"
"1249_Destek","Plate_1_Samp_63"
"57_Bari1","Plate_1_Samp_64"
"2111_Kayatepe","Plate_1_Samp_65"
"73_Bari1","Plate_1_Samp_66"
"3041_Sirnak","Plate_1_Samp_67"
"15_Bari1","Plate_1_Samp_68"
"2652_S2Drd","Plate_1_Samp_69"
"216_Bari3","Plate_1_Samp_7"
"2228_Kesentas","Plate_1_Samp_70"
"2404_Oyali","Plate_1_Samp_71"
"63_Bari1","Plate_1_Samp_72"
"2882_Sirna","Plate_1_Samp_73"
"1461_Egil","Plate_1_Samp_74"
"3154_Sirnak","Plate_1_Samp_75"
"1552_Gunas","Plate_1_Samp_76"
"576_Cermik","Plate_1_Samp_77"
"83_Bari2","Plate_1_Samp_78"
"2191_Kesentas","Plate_1_Samp_79"
"167_Bari3","Plate_1_Samp_8"
"2655_S2Drd","Plate_1_Samp_80"
"2470_Oyali","Plate_1_Samp_81"
"1606_Kalkan","Plate_1_Samp_82"
"613_Cudi1","Plate_1_Samp_83"
"2537_S2Drd","Plate_1_Samp_84"
"707_Cudi1","Plate_1_Samp_85"
"2918_Sirna","Plate_1_Samp_86"
"2489_Oyali","Plate_1_Samp_87"
"1325_Destek","Plate_1_Samp_88"
"1902_Karabace","Plate_1_Samp_89"
"2892_Sirna","Plate_1_Samp_9"
"605_Cudi1","Plate_1_Samp_90"
"2364_Oyali","Plate_1_Samp_91"
"1558_Gunas","Plate_1_Samp_92"
"1528_Gunas","Plate_1_Samp_93"
"3006_Sirnak","Plate_1_Samp_94"
"1384_Destek","Plate_1_Samp_95"
"3137_Sirnak","Plate_20_Samp_1"
"2371_Oyali","Plate_20_Samp_10"
"1693_Karab","Plate_20_Samp_11"
"348_Bari3","Plate_20_Samp_12"
"968_Cudi2","Plate_20_Samp_13"
"2067_Kayatape","Plate_20_Samp_14"
"595_Cermik","Plate_20_Samp_15"
"2737_Sarikaya","Plate_20_Samp_16"
"1014_Cudi2","Plate_20_Samp_17"
"2962_Sirnak","Plate_20_Samp_18"
"917_Cudi2","Plate_20_Samp_19"
"2350_Oyali","Plate_20_Samp_2"
"2569_S2Drd","Plate_20_Samp_20"
"1690_Karab","Plate_20_Samp_21"
"2267_Kesentas","Plate_20_Samp_22"
"2744_Sarikaya","Plate_20_Samp_23"
"988_Cudi2","Plate_20_Samp_24"
"2798_Sarikaya","Plate_20_Samp_25"
"2702_Sarika","Plate_20_Samp_26"
"1689_Karab","Plate_20_Samp_27"
"438_Besev","Plate_20_Samp_28"
"3112_Sirnak","Plate_20_Samp_29"
"1817_Karabace","Plate_20_Samp_3"
"1887_Karabace","Plate_20_Samp_30"
"180_Bari3","Plate_20_Samp_31"
"801_Cudi1","Plate_20_Samp_32"
"2402_Oyali","Plate_20_Samp_33"
"2213_Kesentas","Plate_20_Samp_34"
"1115_Derici","Plate_20_Samp_35"
"2570_S2Drd","Plate_20_Samp_36"
"2613_S2Drd","Plate_20_Samp_37"
"3037_Sirnak","Plate_20_Samp_38"
"412_Bari3","Plate_20_Samp_39"
"2933_Sirnak","Plate_20_Samp_4"
"1176_Derici","Plate_20_Samp_40"
"888_Cudi2","Plate_20_Samp_41"
"661_Cudi1","Plate_20_Samp_42"
"2506_S2Drd","Plate_20_Samp_43"
"790_Cudi1","Plate_20_Samp_44"
"1077_Cudi2","Plate_20_Samp_45"
"1642_Kalkan","Plate_20_Samp_46"
"2574_S2Drd","Plate_20_Samp_47"
"3146_Sirnak","Plate_20_Samp_48"
"2986_Sirnak","Plate_20_Samp_49"
"317_Bari3","Plate_20_Samp_5"
"1578_Kalkan","Plate_20_Samp_50"
"2011_Karabace","Plate_20_Samp_51"
"843_Cudi2","Plate_20_Samp_52"
"2456_Oyali","Plate_20_Samp_53"
"767_Cudi1","Plate_20_Samp_54"
"319_Bari3","Plate_20_Samp_55"
"1655_Kalkan","Plate_20_Samp_56"
"374_Bari3","Plate_20_Samp_57"
"1466_Egil","Plate_20_Samp_58"
"725_Cudi1","Plate_20_Samp_59"
"106_Bari2","Plate_20_Samp_6"
"559_Cermik","Plate_20_Samp_60"
"1395_Egil","Plate_20_Samp_61"
"3185_Sirnak","Plate_20_Samp_62"
"1551_Gunas","Plate_20_Samp_63"
"3251_Sirnak","Plate_20_Samp_64"
"2764_Sarikaya","Plate_20_Samp_65"
"840_Cudi2","Plate_20_Samp_66"
"825_Cudi1","Plate_20_Samp_67"
"639_Cudi1","Plate_20_Samp_68"
"2249_Kesentas","Plate_20_Samp_69"
"266_Bari3","Plate_20_Samp_7"
"3207_Sirnak","Plate_20_Samp_70"
"1039_Cudi2","Plate_20_Samp_71"
"1737_Karabace","Plate_20_Samp_72"
"3070_Sirnak","Plate_20_Samp_73"
"2806_Savur","Plate_20_Samp_74"
"2598_S2Drd","Plate_20_Samp_75"
"1454_Egil","Plate_20_Samp_76"
"1880_Karabace","Plate_20_Samp_77"
"3097_Sirnak","Plate_20_Samp_78"
"574_Cermik","Plate_20_Samp_79"
"835_Cudi1","Plate_20_Samp_8"
"391_Bari3","Plate_20_Samp_80"
"2623_S2Drd","Plate_20_Samp_81"
"1276_Destek","Plate_20_Samp_82"
"1024_Cudi2","Plate_20_Samp_83"
"1305_Destek","Plate_20_Samp_84"
"2849_Sirna","Plate_20_Samp_85"
"1108_Derici","Plate_20_Samp_86"
"955_Cudi2","Plate_20_Samp_87"
"237_Bari3","Plate_20_Samp_88"
"1682_Karab","Plate_20_Samp_89"
"454_Besev","Plate_20_Samp_9"
"2937_Sirnak","Plate_20_Samp_90"
"2775_Sarikaya","Plate_20_Samp_91"
"3279_Sirnak","Plate_20_Samp_92"
"3284_Sirnak","Plate_20_Samp_93"
"922_Cudi2","Plate_20_Samp_94"
"730_Cudi1","Plate_20_Samp_95"
"114_Bari2","Plate_21_Samp_1"
"1700_Karab","Plate_21_Samp_10"
"2729_Sarikaya","Plate_21_Samp_11"
"2401_Oyali","Plate_21_Samp_12"
"2763_Sarikaya","Plate_21_Samp_13"
"1020_Cudi2","Plate_21_Samp_14"
"986_Cudi2","Plate_21_Samp_15"
"1393_Egil","Plate_21_Samp_16"
"2233_Kesentas","Plate_21_Samp_17"
"533_Cermik","Plate_21_Samp_18"
"3011_Sirnak","Plate_21_Samp_19"
"2375_Oyali","Plate_21_Samp_2"
"191_Bari3","Plate_21_Samp_20"
"1264_Destek","Plate_21_Samp_21"
"2566_S2Drd","Plate_21_Samp_22"
"2725_Sarikaya","Plate_21_Samp_23"
"1208_Derici","Plate_21_Samp_24"
"2630_S2Drd","Plate_21_Samp_25"
"2914_Sirna","Plate_21_Samp_26"
"64_Bari1","Plate_21_Samp_27"
"884_Cudi2","Plate_21_Samp_28"
"1275_Destek","Plate_21_Samp_29"
"1368_Destek","Plate_21_Samp_3"
"548_Cermik","Plate_21_Samp_30"
"2480_Oyali","Plate_21_Samp_31"
"2217_Kesentas","Plate_21_Samp_32"
"1507_Gunas","Plate_21_Samp_33"
"2209_Kesentas","Plate_21_Samp_34"
"3126_Sirnak","Plate_21_Samp_35"
"1471_Egil","Plate_21_Samp_36"
"312_Bari3","Plate_21_Samp_37"
"181_Bari3","Plate_21_Samp_38"
"513_Besev","Plate_21_Samp_39"
"1362_Destek","Plate_21_Samp_4"
"2369_Oyali","Plate_21_Samp_40"
"505_Besev","Plate_21_Samp_41"
"3134_Sirnak","Plate_21_Samp_42"
"2745_Sarikaya","Plate_21_Samp_43"
"3177_Sirnak","Plate_21_Samp_44"
"3239_Sirnak","Plate_21_Samp_45"
"480_Besev","Plate_21_Samp_46"
"40_Bari1","Plate_21_Samp_47"
"1123_Derici","Plate_21_Samp_48"
"2009_Karabace","Plate_21_Samp_49"
"708_Cudi1","Plate_21_Samp_5"
"897_Cudi2","Plate_21_Samp_50"
"2255_Kesentas","Plate_21_Samp_51"
"2276_Kesentas","Plate_21_Samp_52"
"240_Bari3","Plate_21_Samp_53"
"2708_Sarika","Plate_21_Samp_54"
"629_Cudi1","Plate_21_Samp_55"
"144_Bari2","Plate_21_Samp_56"
"13_Bari1","Plate_21_Samp_57"
"3021_Sirnak","Plate_21_Samp_58"
"1586_Kalkan","Plate_21_Samp_59"
"736_Cudi1","Plate_21_Samp_6"
"80_Bari1","Plate_21_Samp_60"
"1791_Karabace","Plate_21_Samp_61"
"587_Cermik","Plate_21_Samp_62"
"1160_Derici","Plate_21_Samp_63"
"1490_Egil","Plate_21_Samp_64"
"2124_Kayatepe","Plate_21_Samp_65"
"754_Cudi1","Plate_21_Samp_66"
"1772_Karabace","Plate_21_Samp_67"
"135_Bari2","Plate_21_Samp_68"
"2450_Oyali","Plate_21_Samp_69"
"234_Bari3","Plate_21_Samp_7"
"3005_Sirnak","Plate_21_Samp_70"
"1252_Destek","Plate_21_Samp_71"
"731_Cudi1","Plate_21_Samp_72"
"2781_Sarikaya","Plate_21_Samp_73"
"1933_Karabace","Plate_21_Samp_74"
"1035_Cudi2","Plate_21_Samp_75"
"2187_Kesantas","Plate_21_Samp_76"
"1625_Kalkan","Plate_21_Samp_77"
"1854_Karabace","Plate_21_Samp_78"
"1071_Cudi2","Plate_21_Samp_79"
"785_Cudi1","Plate_21_Samp_8"
"2133_Kesantas","Plate_21_Samp_80"
"1765_Karabace","Plate_21_Samp_81"
"588_Cermik","Plate_21_Samp_82"
"3210_Sirnak","Plate_21_Samp_83"
"1321_Destek","Plate_21_Samp_84"
"3023_Sirnak","Plate_21_Samp_85"
"253_Bari3","Plate_21_Samp_86"
"413_Bari3","Plate_21_Samp_87"
"1328_Destek","Plate_21_Samp_88"
"1920_Karabace","Plate_21_Samp_89"
"1730_Karabace","Plate_21_Samp_9"
"1812_Karabace","Plate_21_Samp_90"
"1446_Egil","Plate_21_Samp_91"
"17_Bari1","Plate_21_Samp_92"
"1936_Karabace","Plate_21_Samp_93"
"1470_Egil","Plate_21_Samp_94"
"2388_Oyali","Plate_21_Samp_95"
"1363_Destek","Plate_22_Samp_1"
"1533_Gunas","Plate_22_Samp_10"
"1118_Derici","Plate_22_Samp_11"
"2043_Kayatape","Plate_22_Samp_12"
"2090_Kayatape","Plate_22_Samp_13"
"1580_Kalkan","Plate_22_Samp_14"
"561_Cermik","Plate_22_Samp_15"
"1455_Egil","Plate_22_Samp_16"
"305_Bari3","Plate_22_Samp_17"
"217_Bari3","Plate_22_Samp_18"
"1055_Cudi2","Plate_22_Samp_19"
"1758_Karabace","Plate_22_Samp_2"
"1979_Karabace","Plate_22_Samp_20"
"1385_Destek","Plate_22_Samp_21"
"2844_Sirna","Plate_22_Samp_22"
"3255_Sirnak","Plate_22_Samp_23"
"295_Bari3","Plate_22_Samp_24"
"2790_Sarikaya","Plate_22_Samp_25"
"3178_Sirnak","Plate_22_Samp_26"
"2099_Kayatape","Plate_22_Samp_27"
"854_Cudi2","Plate_22_Samp_28"
"1279_Destek","Plate_22_Samp_29"
"2437_Oyali","Plate_22_Samp_3"
"516_Besev","Plate_22_Samp_30"
"3096_Sirnak","Plate_22_Samp_31"
"235_Bari3","Plate_22_Samp_32"
"1882_Karabace","Plate_22_Samp_33"
"1202_Derici","Plate_22_Samp_34"
"1155_Derici","Plate_22_Samp_35"
"344_Bari3","Plate_22_Samp_36"
"248_Bari3","Plate_22_Samp_37"
"1230_Destek","Plate_22_Samp_38"
"993_Cudi2","Plate_22_Samp_39"
"1760_Karabace","Plate_22_Samp_4"
"1419_Egil","Plate_22_Samp_40"
"3108_Sirnak","Plate_22_Samp_41"
"971_Cudi2","Plate_22_Samp_42"
"1196_Derici","Plate_22_Samp_43"
"1289_Destek","Plate_22_Samp_44"
"1334_Destek","Plate_22_Samp_45"
"2317_Ortan","Plate_22_Samp_46"
"830_Cudi1","Plate_22_Samp_47"
"3032_Sirnak","Plate_22_Samp_48"
"1710_Karab","Plate_22_Samp_49"
"1549_Gunas","Plate_22_Samp_5"
"1293_Destek","Plate_22_Samp_50"
"1819_Karabace","Plate_22_Samp_51"
"2525_S2Drd","Plate_22_Samp_52"
"3282_Sirnak","Plate_22_Samp_53"
"722_Cudi1","Plate_22_Samp_54"
"2624_S2Drd","Plate_22_Samp_55"
"1504_Gunas","Plate_22_Samp_56"
"2953_Sirnak","Plate_22_Samp_57"
"975_Cudi2","Plate_22_Samp_58"
"300_Bari3","Plate_22_Samp_59"
"2593_S2Drd","Plate_22_Samp_6"
"331_Bari3","Plate_22_Samp_60"
"1261_Destek","Plate_22_Samp_61"
"2197_Kesentas","Plate_22_Samp_62"
"1489_Egil","Plate_22_Samp_63"
"1616_Kalkan","Plate_22_Samp_64"
"360_Bari3","Plate_22_Samp_65"
"699_Cudi1","Plate_22_Samp_66"
"28_Bari1","Plate_22_Samp_67"
"3122_Sirnak","Plate_22_Samp_68"
"1404_Egil","Plate_22_Samp_69"
"3026_Sirnak","Plate_22_Samp_7"
"2024_Karabace","Plate_22_Samp_70"
"995_Cudi2","Plate_22_Samp_71"
"962_Cudi2","Plate_22_Samp_72"
"311_Bari3","Plate_22_Samp_73"
"2563_S2Drd","Plate_22_Samp_74"
"200_Bari3","Plate_22_Samp_75"
"134_Bari2","Plate_22_Samp_76"
"2475_Oyali","Plate_22_Samp_77"
"1957_Karabace","Plate_22_Samp_78"
"1525_Gunas","Plate_22_Samp_79"
"999_Cudi2","Plate_22_Samp_8"
"2595_S2Drd","Plate_22_Samp_80"
"2757_Sarikaya","Plate_22_Samp_81"
"2903_Sirna","Plate_22_Samp_82"
"269_Bari3","Plate_22_Samp_83"
"3232_Sirnak","Plate_22_Samp_84"
"1917_Karabace","Plate_22_Samp_85"
"3145_Sirnak","Plate_22_Samp_86"
"1960_Karabace","Plate_22_Samp_87"
"1707_Karab","Plate_22_Samp_88"
"33_Bari1","Plate_22_Samp_89"
"814_Cudi1","Plate_22_Samp_9"
"614_Cudi1","Plate_22_Samp_90"
"1981_Karabace","Plate_22_Samp_91"
"1571_Kalkan","Plate_22_Samp_92"
"2004_Karabace","Plate_22_Samp_93"
"117_Bari2","Plate_22_Samp_94"
"2029_Karabace","Plate_22_Samp_95"
"530_Cermik","Plate_23_Samp_1"
"580_Cermik","Plate_23_Samp_10"
"625_Cudi1","Plate_23_Samp_11"
"1348_Destek","Plate_23_Samp_12"
"2686_S2Drd","Plate_23_Samp_13"
"2984_Sirnak","Plate_23_Samp_14"
"2816_Savur-Pina","Plate_23_Samp_15"
"171_Bari3","Plate_23_Samp_16"
"3147_Sirnak","Plate_23_Samp_17"
"597_Cermik","Plate_23_Samp_18"
"742_Cudi1","Plate_23_Samp_19"
"2237_Kesentas","Plate_23_Samp_2"
"213_Bari3","Plate_23_Samp_20"
"1699_Karab","Plate_23_Samp_21"
"1557_Gunas","Plate_23_Samp_22"
"1774_Karabace","Plate_23_Samp_23"
"1840_Karabace","Plate_23_Samp_24"
"1660_Kalkan","Plate_23_Samp_25"
"290_Bari3","Plate_23_Samp_26"
"303_Bari3","Plate_23_Samp_27"
"2109_Kayatepe","Plate_23_Samp_28"
"2889_Sirna","Plate_23_Samp_29"
"2603_S2Drd","Plate_23_Samp_3"
"2554_S2Drd","Plate_23_Samp_30"
"998_Cudi2","Plate_23_Samp_31"
"728_Cudi1","Plate_23_Samp_32"
"1534_Gunas","Plate_23_Samp_33"
"2648_S2Drd","Plate_23_Samp_34"
"2610_S2Drd","Plate_23_Samp_35"
"1027_Cudi2","Plate_23_Samp_36"
"1932_Karabace","Plate_23_Samp_37"
"2263_Kesentas","Plate_23_Samp_38"
"2166_Kesantas","Plate_23_Samp_39"
"2626_S2Drd","Plate_23_Samp_4"
"651_Cudi1","Plate_23_Samp_40"
"2717_Sarika","Plate_23_Samp_41"
"2081_Kayatape","Plate_23_Samp_42"
"757_Cudi1","Plate_23_Samp_43"
"1987_Karabace","Plate_23_Samp_44"
"1721_Karab","Plate_23_Samp_45"
"2021_Karabace","Plate_23_Samp_46"
"1814_Karabace","Plate_23_Samp_47"
"1340_Destek","Plate_23_Samp_48"
"832_Cudi1","Plate_23_Samp_49"
"3224_Sirnak","Plate_23_Samp_5"
"2558_S2Drd","Plate_23_Samp_50"
"1807_Karabace","Plate_23_Samp_51"
"2254_Kesentas","Plate_23_Samp_52"
"3117_Sirnak","Plate_23_Samp_53"
"1779_Karabace","Plate_23_Samp_54"
"2691_S2Drd","Plate_23_Samp_55"
"2707_Sarika","Plate_23_Samp_56"
"2536_S2Drd","Plate_23_Samp_57"
"1448_Egil","Plate_23_Samp_58"
"3010_Sirnak","Plate_23_Samp_59"
"2539_S2Drd","Plate_23_Samp_6"
"686_Cudi1","Plate_23_Samp_60"
"1998_Karabace","Plate_23_Samp_61"
"3229_Sirnak","Plate_23_Samp_62"
"485_Besev","Plate_23_Samp_63"
"370_Bari3","Plate_23_Samp_64"
"1985_Karabace","Plate_23_Samp_65"
"27_Bari1","Plate_23_Samp_66"
"2235_Kesentas","Plate_23_Samp_67"
"2596_S2Drd","Plate_23_Samp_68"
"418_Bari3","Plate_23_Samp_69"
"60_Bari1","Plate_23_Samp_7"
"2139_Kesantas","Plate_23_Samp_70"
"1380_Destek","Plate_23_Samp_71"
"964_Cudi2","Plate_23_Samp_72"
"863_Cudi2","Plate_23_Samp_73"
"1017_Cudi2","Plate_23_Samp_74"
"600_Cudi1","Plate_23_Samp_75"
"1560_Gunas","Plate_23_Samp_76"
"3195_Sirnak","Plate_23_Samp_77"
"1766_Karabace","Plate_23_Samp_78"
"204_Bari3","Plate_23_Samp_79"
"3029_Sirnak","Plate_23_Samp_8"
"2821_Savur-Pina","Plate_23_Samp_80"
"1770_Karabace","Plate_23_Samp_81"
"560_Cermik","Plate_23_Samp_82"
"2146_Kesantas","Plate_23_Samp_83"
"1312_Destek","Plate_23_Samp_84"
"2386_Oyali","Plate_23_Samp_85"
"2715_Sarika","Plate_23_Samp_86"
"2590_S2Drd","Plate_23_Samp_87"
"1306_Destek","Plate_23_Samp_88"
"2303_Ortan","Plate_23_Samp_89"
"2092_Kayatape","Plate_23_Samp_9"
"172_Bari3","Plate_23_Samp_90"
"2728_Sarikaya","Plate_23_Samp_91"
"735_Cudi1","Plate_23_Samp_92"
"140_Bari2","Plate_23_Samp_93"
"2027_Karabace","Plate_23_Samp_94"
"2314_Ortan","Plate_23_Samp_95"
"1248_Destek","Plate_24_Samp_1"
"2357_Oyali","Plate_24_Samp_10"
"1048_Cudi2","Plate_24_Samp_11"
"2573_S2Drd","Plate_24_Samp_12"
"1018_Cudi2","Plate_24_Samp_13"
"910_Cudi2","Plate_24_Samp_14"
"2920_Sirna","Plate_24_Samp_15"
"31_Bari1","Plate_24_Samp_16"
"439_Besev","Plate_24_Samp_17"
"161_Bari2","Plate_24_Samp_18"
"924_Cudi2","Plate_24_Samp_19"
"1991_Karabace","Plate_24_Samp_2"
"141_Bari2","Plate_24_Samp_20"
"2208_Kesentas","Plate_24_Samp_21"
"2689_S2Drd","Plate_24_Samp_22"
"157_Bari2","Plate_24_Samp_23"
"1238_Destek","Plate_24_Samp_24"
"1609_Kalkan","Plate_24_Samp_25"
"1739_Karabace","Plate_24_Samp_26"
"3113_Sirnak","Plate_24_Samp_27"
"1291_Destek","Plate_24_Samp_28"
"3128_Sirnak","Plate_24_Samp_29"
"459_Besev","Plate_24_Samp_3"
"1966_Karabace","Plate_24_Samp_30"
"1605_Kalkan","Plate_24_Samp_31"
"2904_Sirna","Plate_24_Samp_32"
"2985_Sirnak","Plate_24_Samp_33"
"3260_Sirnak","Plate_24_Samp_34"
"1953_Karabace","Plate_24_Samp_35"
"150_Bari2","Plate_24_Samp_36"
"2311_Ortan","Plate_24_Samp_37"
"1189_Derici","Plate_24_Samp_38"
"2042_Kayatape","Plate_24_Samp_39"
"70_Bari1","Plate_24_Samp_4"
"3274_Sirnak","Plate_24_Samp_40"
"2795_Sarikaya","Plate_24_Samp_41"
"1918_Karabace","Plate_24_Samp_42"
"1130_Derici","Plate_24_Samp_43"
"1220_Derici","Plate_24_Samp_44"
"592_Cermik","Plate_24_Samp_45"
"2484_Oyali","Plate_24_Samp_46"
"2916_Sirna","Plate_24_Samp_47"
"616_Cudi1","Plate_24_Samp_48"
"3075_Sirnak","Plate_24_Samp_49"
"1191_Derici","Plate_24_Samp_5"
"282_Bari3","Plate_24_Samp_50"
"1011_Cudi2","Plate_24_Samp_51"
"1382_Destek","Plate_24_Samp_52"
"1575_Kalkan","Plate_24_Samp_53"
"1443_Egil","Plate_24_Samp_54"
"1474_Egil","Plate_24_Samp_55"
"324_Bari3","Plate_24_Samp_56"
"478_Besev","Plate_24_Samp_57"
"2587_S2Drd","Plate_24_Samp_58"
"3121_Sirnak","Plate_24_Samp_59"
"1187_Derici","Plate_24_Samp_6"
"3196_Sirnak","Plate_24_Samp_60"
"1453_Egil","Plate_24_Samp_61"
"251_Bari3","Plate_24_Samp_62"
"380_Bari3","Plate_24_Samp_63"
"3182_Sirnak","Plate_24_Samp_64"
"2856_Sirna","Plate_24_Samp_65"
"2867_Sirna","Plate_24_Samp_66"
"2012_Karabace","Plate_24_Samp_67"
"277_Bari3","Plate_24_Samp_68"
"2118_Kayatepe","Plate_24_Samp_69"
"1283_Destek","Plate_24_Samp_7"
"1009_Cudi2","Plate_24_Samp_70"
"583_Cermik","Plate_24_Samp_71"
"2905_Sirna","Plate_24_Samp_72"
"2528_S2Drd","Plate_24_Samp_73"
"471_Besev","Plate_24_Samp_74"
"2564_S2Drd","Plate_24_Samp_75"
"3056_Sirnak","Plate_24_Samp_76"
"1723_Karab","Plate_24_Samp_77"
"2356_Oyali","Plate_24_Samp_78"
"1023_Cudi2","Plate_24_Samp_79"
"1729_Karabace","Plate_24_Samp_8"
"392_Bari3","Plate_24_Samp_80"
"2758_Sarikaya","Plate_24_Samp_81"
"3180_Sirnak","Plate_24_Samp_82"
"3277_Sirnak","Plate_24_Samp_83"
"660_Cudi1","Plate_24_Samp_84"
"909_Cudi2","Plate_24_Samp_85"
"2599_S2Drd","Plate_24_Samp_86"
"2667_S2Drd","Plate_24_Samp_87"
"951_Cudi2","Plate_24_Samp_88"
"643_Cudi1","Plate_24_Samp_89"
"2104_Kayatape","Plate_24_Samp_9"
"1066_Cudi2","Plate_24_Samp_90"
"2993_Sirnak","Plate_24_Samp_91"
"270_Bari3","Plate_24_Samp_92"
"2049_Kayatape","Plate_24_Samp_93"
"475_Besev","Plate_24_Samp_94"
"619_Cudi1","Plate_24_Samp_95"
"1175_Derici","Plate_25_Samp_1"
"1043_Cudi2","Plate_25_Samp_10"
"3234_Sirnak","Plate_25_Samp_11"
"347_Bari3","Plate_25_Samp_12"
"1631_Kalkan","Plate_25_Samp_13"
"2408_Oyali","Plate_25_Samp_14"
"3276_Sirnak","Plate_25_Samp_15"
"464_Besev","Plate_25_Samp_16"
"681_Cudi1","Plate_25_Samp_17"
"2385_Oyali","Plate_25_Samp_18"
"2260_Kesentas","Plate_25_Samp_19"
"852_Cudi2","Plate_25_Samp_2"
"692_Cudi1","Plate_25_Samp_20"
"1273_Destek","Plate_25_Samp_21"
"1375_Destek","Plate_25_Samp_22"
"1748_Karabace","Plate_25_Samp_23"
"645_Cudi1","Plate_25_Samp_24"
"1931_Karabace","Plate_25_Samp_25"
"1706_Karab","Plate_25_Samp_26"
"484_Besev","Plate_25_Samp_27"
"2505_S2Drd","Plate_25_Samp_28"
"3099_Sirnak","Plate_25_Samp_29"
"1022_Cudi2","Plate_25_Samp_3"
"1542_Gunas","Plate_25_Samp_30"
"760_Cudi1","Plate_25_Samp_31"
"1047_Cudi2","Plate_25_Samp_32"
"1871_Karabace","Plate_25_Samp_33"
"2444_Oyali","Plate_25_Samp_34"
"1999_Karabace","Plate_25_Samp_35"
"2076_Kayatape","Plate_25_Samp_36"
"1670_Kalkan","Plate_25_Samp_37"
"2714_Sarika","Plate_25_Samp_38"
"2268_Kesentas","Plate_25_Samp_39"
"1785_Karabace","Plate_25_Samp_4"
"1751_Karabace","Plate_25_Samp_40"
"529_Cermik","Plate_25_Samp_41"
"2184_Kesantas","Plate_25_Samp_42"
"1755_Karabace","Plate_25_Samp_43"
"1172_Derici","Plate_25_Samp_44"
"1903_Karabace","Plate_25_Samp_45"
"1206_Derici","Plate_25_Samp_46"
"2784_Sarikaya","Plate_25_Samp_47"
"1531_Gunas","Plate_25_Samp_48"
"1996_Karabace","Plate_25_Samp_49"
"2179_Kesantas","Plate_25_Samp_5"
"1117_Derici","Plate_25_Samp_50"
"977_Cudi2","Plate_25_Samp_51"
"3151_Sirnak","Plate_25_Samp_52"
"1280_Destek","Plate_25_Samp_53"
"2095_Kayatape","Plate_25_Samp_54"
"2306_Ortan","Plate_25_Samp_55"
"2695_S2Drd","Plate_25_Samp_56"
"1585_Kalkan","Plate_25_Samp_57"
"1598_Kalkan","Plate_25_Samp_58"
"2161_Kesantas","Plate_25_Samp_59"
"2654_S2Drd","Plate_25_Samp_6"
"2698_S2Drd","Plate_25_Samp_60"
"935_Cudi2","Plate_25_Samp_61"
"1827_Karabace","Plate_25_Samp_62"
"2647_S2Drd","Plate_25_Samp_63"
"874_Cudi2","Plate_25_Samp_64"
"2494_S2Drd","Plate_25_Samp_65"
"611_Cudi1","Plate_25_Samp_66"
"1139_Derici","Plate_25_Samp_67"
"3257_Sirnak","Plate_25_Samp_68"
"2548_S2Drd","Plate_25_Samp_69"
"2754_Sarikaya","Plate_25_Samp_7"
"1735_Karabace","Plate_25_Samp_70"
"762_Cudi1","Plate_25_Samp_71"
"3039_Sirnak","Plate_25_Samp_72"
"1065_Cudi2","Plate_25_Samp_73"
"1426_Egil","Plate_25_Samp_74"
"2491_Oyali","Plate_25_Samp_75"
"2588_S2Drd","Plate_25_Samp_76"
"1677_Kalkan","Plate_25_Samp_77"
"1498_Gunas","Plate_25_Samp_78"
"499_Besev","Plate_25_Samp_79"
"2244_Kesentas","Plate_25_Samp_8"
"2414_Oyali","Plate_25_Samp_80"
"2070_Kayatape","Plate_25_Samp_81"
"2631_S2Drd","Plate_25_Samp_82"
"2183_Kesantas","Plate_25_Samp_83"
"49_Bari1","Plate_25_Samp_84"
"2492_Oyali","Plate_25_Samp_85"
"1514_Gunas","Plate_25_Samp_86"
"1323_Destek","Plate_25_Samp_87"
"2360_Oyali","Plate_25_Samp_88"
"1850_Karabace","Plate_25_Samp_89"
"1846_Karabace","Plate_25_Samp_9"
"2390_Oyali","Plate_25_Samp_90"
"342_Bari3","Plate_25_Samp_91"
"807_Cudi1","Plate_25_Samp_92"
"3060_Sirnak","Plate_25_Samp_93"
"193_Bari3","Plate_25_Samp_94"
"502_Besev","Plate_25_Samp_95"
"1150_Derici","Plate_26_Samp_1"
"2910_Sirna","Plate_26_Samp_10"
"791_Cudi1","Plate_26_Samp_11"
"737_Cudi1","Plate_26_Samp_12"
"2379_Oyali","Plate_26_Samp_13"
"1336_Destek","Plate_26_Samp_14"
"2568_S2Drd","Plate_26_Samp_15"
"3164_Sirnak","Plate_26_Samp_16"
"2302_Ortan","Plate_26_Samp_17"
"2606_S2Drd","Plate_26_Samp_18"
"39_Bari1","Plate_26_Samp_19"
"2773_Sarikaya","Plate_26_Samp_2"
"1329_Destek","Plate_26_Samp_20"
"2948_Sirnak","Plate_26_Samp_21"
"309_Bari3","Plate_26_Samp_22"
"1221_Derici","Plate_26_Samp_23"
"246_Bari3","Plate_26_Samp_24"
"2752_Sarikaya","Plate_26_Samp_25"
"1666_Kalkan","Plate_26_Samp_26"
"1269_Destek","Plate_26_Samp_27"
"1926_Karabace","Plate_26_Samp_28"
"2639_S2Drd","Plate_26_Samp_29"
"47_Bari1","Plate_26_Samp_3"
"1702_Karab","Plate_26_Samp_30"
"1407_Egil","Plate_26_Samp_31"
"397_Bari3","Plate_26_Samp_32"
"1717_Karab","Plate_26_Samp_33"
"41_Bari1","Plate_26_Samp_34"
"2015_Karabace","Plate_26_Samp_35"
"2060_Kayatape","Plate_26_Samp_36"
"2122_Kayatepe","Plate_26_Samp_37"
"2176_Kesantas","Plate_26_Samp_38"
"1711_Karab","Plate_26_Samp_39"
"207_Bari3","Plate_26_Samp_4"
"72_Bari1","Plate_26_Samp_40"
"284_Bari3","Plate_26_Samp_41"
"3246_Sirnak","Plate_26_Samp_42"
"1120_Derici","Plate_26_Samp_43"
"1579_Kalkan","Plate_26_Samp_44"
"1111_Derici","Plate_26_Samp_45"
"1007_Cudi2","Plate_26_Samp_46"
"1988_Karabace","Plate_26_Samp_47"
"1692_Karab","Plate_26_Samp_48"
"477_Besev","Plate_26_Samp_49"
"1266_Destek","Plate_26_Samp_5"
"596_Cermik","Plate_26_Samp_50"
"2792_Sarikaya","Plate_26_Samp_51"
"1008_Cudi2","Plate_26_Samp_52"
"931_Cudi2","Plate_26_Samp_53"
"1212_Derici","Plate_26_Samp_54"
"2129_Kayatepe","Plate_26_Samp_55"
"1367_Destek","Plate_26_Samp_56"
"1849_Karabace","Plate_26_Samp_57"
"853_Cudi2","Plate_26_Samp_58"
"229_Bari3","Plate_26_Samp_59"
"740_Cudi1","Plate_26_Samp_6"
"1056_Cudi2","Plate_26_Samp_60"
"1946_Karabace","Plate_26_Samp_61"
"1484_Egil","Plate_26_Samp_62"
"3225_Sirnak","Plate_26_Samp_63"
"1381_Destek","Plate_26_Samp_64"
"1488_Egil","Plate_26_Samp_65"
"556_Cermik","Plate_26_Samp_66"
"2323_Ortan","Plate_26_Samp_67"
"313_Bari3","Plate_26_Samp_68"
"1391_Egil","Plate_26_Samp_69"
"3085_Sirnak","Plate_26_Samp_7"
"38_Bari1","Plate_26_Samp_70"
"1867_Karabace","Plate_26_Samp_71"
"704_Cudi1","Plate_26_Samp_72"
"3258_Sirnak","Plate_26_Samp_73"
"1331_Destek","Plate_26_Samp_74"
"1341_Destek","Plate_26_Samp_75"
"1959_Karabace","Plate_26_Samp_76"
"3243_Sirnak","Plate_26_Samp_77"
"2275_Kesentas","Plate_26_Samp_78"
"2581_S2Drd","Plate_26_Samp_79"
"1173_Derici","Plate_26_Samp_8"
"3198_Sirnak","Plate_26_Samp_80"
"1796_Karabace","Plate_26_Samp_81"
"1265_Destek","Plate_26_Samp_82"
"2138_Kesantas","Plate_26_Samp_83"
"393_Bari3","Plate_26_Samp_84"
"667_Cudi1","Plate_26_Samp_85"
"1963_Karabace","Plate_26_Samp_86"
"2939_Sirnak","Plate_26_Samp_87"
"3204_Sirnak","Plate_26_Samp_88"
"1127_Derici","Plate_26_Samp_89"
"805_Cudi1","Plate_26_Samp_9"
"2329_Oyali","Plate_26_Samp_90"
"2394_Oyali","Plate_26_Samp_91"
"2700_S2Drd","Plate_26_Samp_92"
"2305_Ortan","Plate_26_Samp_93"
"1851_Karabace","Plate_26_Samp_94"
"903_Cudi2","Plate_26_Samp_95"
"2956_Sirnak","Plate_27_Samp_1"
"1487_Egil","Plate_27_Samp_10"
"2969_Sirnak","Plate_27_Samp_11"
"689_Cudi1","Plate_27_Samp_12"
"1544_Gunas","Plate_27_Samp_13"
"797_Cudi1","Plate_27_Samp_14"
"2769_Sarikaya","Plate_27_Samp_15"
"373_Bari3","Plate_27_Samp_16"
"195_Bari3","Plate_27_Samp_17"
"278_Bari3","Plate_27_Samp_18"
"2326_Ortan","Plate_27_Samp_19"
"2672_S2Drd","Plate_27_Samp_2"
"68_Bari1","Plate_27_Samp_20"
"310_Bari3","Plate_27_Samp_21"
"2150_Kesantas","Plate_27_Samp_22"
"3088_Sirnak","Plate_27_Samp_23"
"429_Bari3","Plate_27_Samp_24"
"925_Cudi2","Plate_27_Samp_25"
"1313_Destek","Plate_27_Samp_26"
"1019_Cudi2","Plate_27_Samp_27"
"2533_S2Drd","Plate_27_Samp_28"
"1870_Karabace","Plate_27_Samp_29"
"1719_Karab","Plate_27_Samp_3"
"2509_S2Drd","Plate_27_Samp_30"
"3202_Sirnak","Plate_27_Samp_31"
"1211_Derici","Plate_27_Samp_32"
"1010_Cudi2","Plate_27_Samp_33"
"3055_Sirnak","Plate_27_Samp_34"
"1467_Egil","Plate_27_Samp_35"
"1602_Kalkan","Plate_27_Samp_36"
"1245_Destek","Plate_27_Samp_37"
"1410_Egil","Plate_27_Samp_38"
"2056_Kayatape","Plate_27_Samp_39"
"1741_Karabace","Plate_27_Samp_4"
"2459_Oyali","Plate_27_Samp_40"
"1190_Derici","Plate_27_Samp_41"
"1400_Egil","Plate_27_Samp_42"
"1148_Derici","Plate_27_Samp_43"
"2053_Kayatape","Plate_27_Samp_44"
"1914_Karabace","Plate_27_Samp_45"
"87_Bari2","Plate_27_Samp_46"
"504_Besev","Plate_27_Samp_47"
"2310_Ortan","Plate_27_Samp_48"
"3114_Sirnak","Plate_27_Samp_49"
"1140_Derici","Plate_27_Samp_5"
"2793_Sarikaya","Plate_27_Samp_50"
"1174_Derici","Plate_27_Samp_51"
"672_Cudi1","Plate_27_Samp_52"
"1916_Karabace","Plate_27_Samp_53"
"1387_Destek","Plate_27_Samp_54"
"906_Cudi2","Plate_27_Samp_55"
"748_Cudi1","Plate_27_Samp_56"
"914_Cudi2","Plate_27_Samp_57"
"1893_Karabace","Plate_27_Samp_58"
"2542_S2Drd","Plate_27_Samp_59"
"2820_Savur-Pina","Plate_27_Samp_6"
"2298_Ortan","Plate_27_Samp_60"
"177_Bari3","Plate_27_Samp_61"
"1727_Karab","Plate_27_Samp_62"
"3206_Sirnak","Plate_27_Samp_63"
"765_Cudi1","Plate_27_Samp_64"
"2353_Oyali","Plate_27_Samp_65"
"2344_Oyali","Plate_27_Samp_66"
"99_Bari2","Plate_27_Samp_67"
"1624_Kalkan","Plate_27_Samp_68"
"2052_Kayatape","Plate_27_Samp_69"
"306_Bari3","Plate_27_Samp_7"
"428_Bari3","Plate_27_Samp_70"
"1482_Egil","Plate_27_Samp_71"
"3181_Sirnak","Plate_27_Samp_72"
"532_Cermik","Plate_27_Samp_73"
"92_Bari2","Plate_27_Samp_74"
"1868_Karabace","Plate_27_Samp_75"
"2084_Kayatape","Plate_27_Samp_76"
"3016_Sirnak","Plate_27_Samp_77"
"990_Cudi2","Plate_27_Samp_78"
"2123_Kayatepe","Plate_27_Samp_79"
"1890_Karabace","Plate_27_Samp_8"
"2978_Sirnak","Plate_27_Samp_80"
"2663_S2Drd","Plate_27_Samp_81"
"2730_Sarikaya","Plate_27_Samp_82"
"2645_S2Drd","Plate_27_Samp_83"
"242_Bari3","Plate_27_Samp_84"
"1535_Gunas","Plate_27_Samp_85"
"36_Bari1","Plate_27_Samp_86"
"2428_Oyali","Plate_27_Samp_87"
"1983_Karabace","Plate_27_Samp_88"
"650_Cudi1","Plate_27_Samp_89"
"1060_Cudi2","Plate_27_Samp_9"
"585_Cermik","Plate_27_Samp_90"
"1879_Karabace","Plate_27_Samp_91"
"2696_S2Drd","Plate_27_Samp_92"
"1286_Destek","Plate_27_Samp_93"
"3142_Sirnak","Plate_27_Samp_94"
"44_Bari1","Plate_27_Samp_95"
"937_Cudi2","Plate_28_Samp_1"
"1398_Egil","Plate_28_Samp_10"
"2559_S2Drd","Plate_28_Samp_11"
"1370_Destek","Plate_28_Samp_12"
"743_Cudi1","Plate_28_Samp_13"
"716_Cudi1","Plate_28_Samp_14"
"1638_Kalkan","Plate_28_Samp_15"
"3193_Sirnak","Plate_28_Samp_16"
"2942_Sirnak","Plate_28_Samp_17"
"2872_Sirna","Plate_28_Samp_18"
"3203_Sirnak","Plate_28_Samp_19"
"2973_Sirnak","Plate_28_Samp_2"
"916_Cudi2","Plate_28_Samp_20"
"407_Bari3","Plate_28_Samp_21"
"1603_Kalkan","Plate_28_Samp_22"
"121_Bari2","Plate_28_Samp_23"
"2949_Sirnak","Plate_28_Samp_24"
"1508_Gunas","Plate_28_Samp_25"
"960_Cudi2","Plate_28_Samp_26"
"2746_Sarikaya","Plate_28_Samp_27"
"2271_Kesentas","Plate_28_Samp_28"
"2664_S2Drd","Plate_28_Samp_29"
"102_Bari2","Plate_28_Samp_3"
"1550_Gunas","Plate_28_Samp_30"
"3110_Sirnak","Plate_28_Samp_31"
"2863_Sirna","Plate_28_Samp_32"
"883_Cudi2","Plate_28_Samp_33"
"2785_Sarikaya","Plate_28_Samp_34"
"447_Besev","Plate_28_Samp_35"
"948_Cudi2","Plate_28_Samp_36"
"1632_Kalkan","Plate_28_Samp_37"
"2711_Sarika","Plate_28_Samp_38"
"1949_Karabace","Plate_28_Samp_39"
"2031_Karabace","Plate_28_Samp_4"
"2447_Oyali","Plate_28_Samp_40"
"864_Cudi2","Plate_28_Samp_41"
"1177_Derici","Plate_28_Samp_42"
"2493_Oyali","Plate_28_Samp_43"
"649_Cudi1","Plate_28_Samp_44"
"2684_S2Drd","Plate_28_Samp_45"
"2520_S2Drd","Plate_28_Samp_46"
"3104_Sirnak","Plate_28_Samp_47"
"1934_Karabace","Plate_28_Samp_48"
"124_Bari2","Plate_28_Samp_49"
"1747_Karabace","Plate_28_Samp_5"
"2277_Kesentas","Plate_28_Samp_50"
"2453_Oyali","Plate_28_Samp_51"
"2671_S2Drd","Plate_28_Samp_52"
"670_Cudi1","Plate_28_Samp_53"
"3092_Sirnak","Plate_28_Samp_54"
"1199_Derici","Plate_28_Samp_55"
"1662_Kalkan","Plate_28_Samp_56"
"1548_Gunas","Plate_28_Samp_57"
"2413_Oyali","Plate_28_Samp_58"
"1493_Gunas","Plate_28_Samp_59"
"184_Bari3","Plate_28_Samp_6"
"1159_Derici","Plate_28_Samp_60"
"185_Bari3","Plate_28_Samp_61"
"2751_Sarikaya","Plate_28_Samp_62"
"421_Bari3","Plate_28_Samp_63"
"1891_Karabace","Plate_28_Samp_64"
"3105_Sirnak","Plate_28_Samp_65"
"912_Cudi2","Plate_28_Samp_66"
"1888_Karabace","Plate_28_Samp_67"
"165_Bari3","Plate_28_Samp_68"
"1738_Karabace","Plate_28_Samp_69"
"2185_Kesantas","Plate_28_Samp_7"
"173_Bari3","Plate_28_Samp_70"
"3129_Sirnak","Plate_28_Samp_71"
"2016_Karabace","Plate_28_Samp_72"
"2341_Oyali","Plate_28_Samp_73"
"773_Cudi1","Plate_28_Samp_74"
"2915_Sirna","Plate_28_Samp_75"
"1158_Derici","Plate_28_Samp_76"
"2469_Oyali","Plate_28_Samp_77"
"1780_Karabace","Plate_28_Samp_78"
"3223_Sirnak","Plate_28_Samp_79"
"3250_Sirnak","Plate_28_Samp_8"
"2535_S2Drd","Plate_28_Samp_80"
"508_Besev","Plate_28_Samp_81"
"2699_S2Drd","Plate_28_Samp_82"
"3209_Sirnak","Plate_28_Samp_83"
"3100_Sirnak","Plate_28_Samp_84"
"2119_Kayatepe","Plate_28_Samp_85"
"678_Cudi1","Plate_28_Samp_86"
"2857_Sirna","Plate_28_Samp_87"
"2088_Kayatape","Plate_28_Samp_88"
"1547_Gunas","Plate_28_Samp_89"
"2815_Savur-Pina","Plate_28_Samp_9"
"2601_S2Drd","Plate_28_Samp_90"
"2676_S2Drd","Plate_28_Samp_91"
"2919_Sirna","Plate_28_Samp_92"
"420_Bari3","Plate_28_Samp_93"
"802_Cudi1","Plate_28_Samp_94"
"1494_Gunas","Plate_28_Samp_95"
"328_Bari3","Plate_29_Samp_1"
"1090_Cudi2","Plate_29_Samp_10"
"283_Bari3","Plate_29_Samp_11"
"806_Cudi1","Plate_29_Samp_12"
"634_Cudi1","Plate_29_Samp_13"
"1412_Egil","Plate_29_Samp_14"
"14_Bari1","Plate_29_Samp_15"
"3007_Sirnak","Plate_29_Samp_16"
"892_Cudi2","Plate_29_Samp_17"
"850_Cudi2","Plate_29_Samp_18"
"2215_Kesentas","Plate_29_Samp_19"
"3242_Sirnak","Plate_29_Samp_2"
"1978_Karabace","Plate_29_Samp_20"
"1584_Kalkan","Plate_29_Samp_21"
"1798_Karabace","Plate_29_Samp_22"
"2958_Sirnak","Plate_29_Samp_23"
"821_Cudi1","Plate_29_Samp_24"
"1119_Derici","Plate_29_Samp_25"
"1822_Karabace","Plate_29_Samp_26"
"2786_Sarikaya","Plate_29_Samp_27"
"1539_Gunas","Plate_29_Samp_28"
"3024_Sirnak","Plate_29_Samp_29"
"842_Cudi2","Plate_29_Samp_3"
"1577_Kalkan","Plate_29_Samp_30"
"3038_Sirnak","Plate_29_Samp_31"
"2547_S2Drd","Plate_29_Samp_32"
"2152_Kesantas","Plate_29_Samp_33"
"1254_Destek","Plate_29_Samp_34"
"1347_Destek","Plate_29_Samp_35"
"1536_Gunas","Plate_29_Samp_36"
"2008_Karabace","Plate_29_Samp_37"
"1307_Destek","Plate_29_Samp_38"
"744_Cudi1","Plate_29_Samp_39"
"2947_Sirnak","Plate_29_Samp_4"
"7_Bari1","Plate_29_Samp_40"
"2022_Karabace","Plate_29_Samp_41"
"776_Cudi1","Plate_29_Samp_42"
"2896_Sirna","Plate_29_Samp_43"
"1253_Destek","Plate_29_Samp_44"
"142_Bari2","Plate_29_Samp_45"
"132_Bari2","Plate_29_Samp_46"
"2666_S2Drd","Plate_29_Samp_47"
"2034_Karabace","Plate_29_Samp_48"
"2683_S2Drd","Plate_29_Samp_49"
"2612_S2Drd","Plate_29_Samp_5"
"2600_S2Drd","Plate_29_Samp_50"
"1326_Destek","Plate_29_Samp_51"
"1371_Destek","Plate_29_Samp_52"
"415_Bari3","Plate_29_Samp_53"
"1356_Destek","Plate_29_Samp_54"
"468_Besev","Plate_29_Samp_55"
"2432_Oyali","Plate_29_Samp_56"
"1447_Egil","Plate_29_Samp_57"
"1697_Karab","Plate_29_Samp_58"
"383_Bari3","Plate_29_Samp_59"
"199_Bari3","Plate_29_Samp_6"
"950_Cudi2","Plate_29_Samp_60"
"1133_Derici","Plate_29_Samp_61"
"2893_Sirna","Plate_29_Samp_62"
"2335_Oyali","Plate_29_Samp_63"
"509_Besev","Plate_29_Samp_64"
"1314_Destek","Plate_29_Samp_65"
"534_Cermik","Plate_29_Samp_66"
"82_Bari1","Plate_29_Samp_67"
"3247_Sirnak","Plate_29_Samp_68"
"2833_Savur-Pina","Plate_29_Samp_69"
"2372_Oyali","Plate_29_Samp_7"
"3057_Sirnak","Plate_29_Samp_70"
"250_Bari3","Plate_29_Samp_71"
"603_Cudi1","Plate_29_Samp_72"
"209_Bari3","Plate_29_Samp_73"
"1188_Derici","Plate_29_Samp_74"
"2207_Kesentas","Plate_29_Samp_75"
"2609_S2Drd","Plate_29_Samp_76"
"3233_Sirnak","Plate_29_Samp_77"
"3187_Sirnak","Plate_29_Samp_78"
"3058_Sirnak","Plate_29_Samp_79"
"2247_Kesentas","Plate_29_Samp_8"
"846_Cudi2","Plate_29_Samp_80"
"2580_S2Drd","Plate_29_Samp_81"
"939_Cudi2","Plate_29_Samp_82"
"1091_Cudi2","Plate_29_Samp_83"
"877_Cudi2","Plate_29_Samp_84"
"2850_Sirna","Plate_29_Samp_85"
"2841_Sirna","Plate_29_Samp_86"
"3015_Sirnak","Plate_29_Samp_87"
"2642_S2Drd","Plate_29_Samp_88"
"717_Cudi1","Plate_29_Samp_89"
"286_Bari3","Plate_29_Samp_9"
"1304_Destek","Plate_29_Samp_90"
"2895_Sirna","Plate_29_Samp_91"
"358_Bari3","Plate_29_Samp_92"
"2688_S2Drd","Plate_29_Samp_93"
"1915_Karabace","Plate_29_Samp_94"
"446_Besev","Plate_29_Samp_95"
"2292_Ortan","Plate_2_Samp_1"
"128_Bari2","Plate_2_Samp_10"
"2019_Karabace","Plate_2_Samp_11"
"321_Bari3","Plate_2_Samp_12"
"1512_Gunas","Plate_2_Samp_13"
"1364_Destek","Plate_2_Samp_14"
"483_Besev","Plate_2_Samp_15"
"190_Bari3","Plate_2_Samp_16"
"847_Cudi2","Plate_2_Samp_17"
"1016_Cudi2","Plate_2_Samp_18"
"887_Cudi2","Plate_2_Samp_19"
"457_Besev","Plate_2_Samp_2"
"1094_Cudi2","Plate_2_Samp_20"
"2273_Kesentas","Plate_2_Samp_21"
"2069_Kayatape","Plate_2_Samp_22"
"720_Cudi1","Plate_2_Samp_23"
"1834_Karabace","Plate_2_Samp_24"
"2635_S2Drd","Plate_2_Samp_25"
"411_Bari3","Plate_2_Samp_26"
"1908_Karabace","Plate_2_Samp_27"
"2286_Ortan","Plate_2_Samp_28"
"1532_Gunas","Plate_2_Samp_29"
"934_Cudi2","Plate_2_Samp_3"
"2080_Kayatape","Plate_2_Samp_30"
"2227_Kesentas","Plate_2_Samp_31"
"2749_Sarikaya","Plate_2_Samp_32"
"1138_Derici","Plate_2_Samp_33"
"304_Bari3","Plate_2_Samp_34"
"55_Bari1","Plate_2_Samp_35"
"3188_Sirnak","Plate_2_Samp_36"
"875_Cudi2","Plate_2_Samp_37"
"3034_Sirnak","Plate_2_Samp_38"
"395_Bari3","Plate_2_Samp_39"
"2788_Sarikaya","Plate_2_Samp_4"
"1109_Derici","Plate_2_Samp_40"
"2130_Kayatepe","Plate_2_Samp_41"
"2182_Kesantas","Plate_2_Samp_42"
"3264_Sirnak","Plate_2_Samp_43"
"169_Bari3","Plate_2_Samp_44"
"777_Cudi1","Plate_2_Samp_45"
"3106_Sirnak","Plate_2_Samp_46"
"3238_Sirnak","Plate_2_Samp_47"
"203_Bari3","Plate_2_Samp_48"
"2982_Sirnak","Plate_2_Samp_49"
"481_Besev","Plate_2_Samp_5"
"569_Cermik","Plate_2_Samp_50"
"225_Bari3","Plate_2_Samp_51"
"441_Besev","Plate_2_Samp_52"
"696_Cudi1","Plate_2_Samp_53"
"630_Cudi1","Plate_2_Samp_54"
"3150_Sirnak","Plate_2_Samp_55"
"1784_Karabace","Plate_2_Samp_56"
"409_Bari3","Plate_2_Samp_57"
"2320_Ortan","Plate_2_Samp_58"
"1239_Destek","Plate_2_Samp_59"
"572_Cermik","Plate_2_Samp_6"
"2721_Sarika","Plate_2_Samp_60"
"954_Cudi2","Plate_2_Samp_61"
"406_Bari3","Plate_2_Samp_62"
"946_Cudi2","Plate_2_Samp_63"
"2519_S2Drd","Plate_2_Samp_64"
"206_Bari3","Plate_2_Samp_65"
"1209_Derici","Plate_2_Samp_66"
"1855_Karabace","Plate_2_Samp_67"
"528_Cermik","Plate_2_Samp_68"
"907_Cudi2","Plate_2_Samp_69"
"2940_Sirnak","Plate_2_Samp_7"
"3073_Sirnak","Plate_2_Samp_70"
"3072_Sirnak","Plate_2_Samp_71"
"3047_Sirnak","Plate_2_Samp_72"
"2983_Sirnak","Plate_2_Samp_73"
"3208_Sirnak","Plate_2_Samp_74"
"1003_Cudi2","Plate_2_Samp_75"
"91_Bari2","Plate_2_Samp_76"
"1099_Cudi2","Plate_2_Samp_77"
"272_Bari3","Plate_2_Samp_78"
"1388_Destek","Plate_2_Samp_79"
"2829_Savur-Pina","Plate_2_Samp_8"
"1529_Gunas","Plate_2_Samp_80"
"2333_Oyali","Plate_2_Samp_81"
"1344_Destek","Plate_2_Samp_82"
"1545_Gunas","Plate_2_Samp_83"
"1553_Gunas","Plate_2_Samp_84"
"239_Bari3","Plate_2_Samp_85"
"1098_Cudi2","Plate_2_Samp_86"
"3269_Sirnak","Plate_2_Samp_87"
"1432_Egil","Plate_2_Samp_88"
"2230_Kesentas","Plate_2_Samp_89"
"2989_Sirnak","Plate_2_Samp_9"
"1137_Derici","Plate_2_Samp_90"
"1877_Karabace","Plate_2_Samp_91"
"1417_Egil","Plate_2_Samp_92"
"2869_Sirna","Plate_2_Samp_93"
"1434_Egil","Plate_2_Samp_94"
"1541_Gunas","Plate_2_Samp_95"
"544_Cermik","Plate_30_Samp_1"
"3219_Sirnak","Plate_30_Samp_10"
"2619_S2Drd","Plate_30_Samp_11"
"2706_Sarika","Plate_30_Samp_12"
"3045_Sirnak","Plate_30_Samp_13"
"268_Bari3","Plate_30_Samp_14"
"1486_Egil","Plate_30_Samp_15"
"3159_Sirnak","Plate_30_Samp_16"
"105_Bari2","Plate_30_Samp_17"
"77_Bari1","Plate_30_Samp_18"
"385_Bari3","Plate_30_Samp_19"
"2797_Sarikaya","Plate_30_Samp_2"
"889_Cudi2","Plate_30_Samp_20"
"3194_Sirnak","Plate_30_Samp_21"
"1217_Derici","Plate_30_Samp_22"
"356_Bari3","Plate_30_Samp_23"
"1354_Destek","Plate_30_Samp_24"
"701_Cudi1","Plate_30_Samp_25"
"3103_Sirnak","Plate_30_Samp_26"
"770_Cudi1","Plate_30_Samp_27"
"2571_S2Drd","Plate_30_Samp_28"
"1821_Karabace","Plate_30_Samp_29"
"2239_Kesentas","Plate_30_Samp_3"
"3158_Sirnak","Plate_30_Samp_30"
"763_Cudi1","Plate_30_Samp_31"
"1680_Kalkan","Plate_30_Samp_32"
"3152_Sirnak","Plate_30_Samp_33"
"2846_Sirna","Plate_30_Samp_34"
"2362_Oyali","Plate_30_Samp_35"
"2998_Sirnak","Plate_30_Samp_4"
"1921_Karabace","Plate_30_Samp_5"
"1678_Kalkan","Plate_30_Samp_6"
"1232_Destek","Plate_30_Samp_7"
"22_Bari1","Plate_30_Samp_8"
"2802_Savur","Plate_30_Samp_9"
"401_Bari3","Plate_3_Samp_1"
"712_Cudi1","Plate_3_Samp_10"
"2025_Karabace","Plate_3_Samp_11"
"1337_Destek","Plate_3_Samp_12"
"65_Bari1","Plate_3_Samp_13"
"133_Bari2","Plate_3_Samp_14"
"2439_Oyali","Plate_3_Samp_15"
"2837_Savur-Pina","Plate_3_Samp_16"
"745_Cudi1","Plate_3_Samp_17"
"1373_Destek","Plate_3_Samp_18"
"2838_Savur-Pina","Plate_3_Samp_19"
"3172_Sirnak","Plate_3_Samp_2"
"1910_Karabace","Plate_3_Samp_20"
"1574_Kalkan","Plate_3_Samp_21"
"1975_Karabace","Plate_3_Samp_22"
"2657_S2Drd","Plate_3_Samp_23"
"2636_S2Drd","Plate_3_Samp_24"
"1_Bari1","Plate_3_Samp_25"
"1650_Kalkan","Plate_3_Samp_26"
"669_Cudi1","Plate_3_Samp_27"
"2878_Sirna","Plate_3_Samp_28"
"379_Bari3","Plate_3_Samp_29"
"26_Bari1","Plate_3_Samp_3"
"2650_S2Drd","Plate_3_Samp_30"
"2543_S2Drd","Plate_3_Samp_31"
"2614_S2Drd","Plate_3_Samp_32"
"2046_Kayatape","Plate_3_Samp_33"
"507_Besev","Plate_3_Samp_34"
"2560_S2Drd","Plate_3_Samp_35"
"1112_Derici","Plate_3_Samp_36"
"1402_Egil","Plate_3_Samp_37"
"2496_S2Drd","Plate_3_Samp_38"
"1297_Destek","Plate_3_Samp_39"
"2370_Oyali","Plate_3_Samp_4"
"869_Cudi2","Plate_3_Samp_40"
"1316_Destek","Plate_3_Samp_41"
"2845_Sirna","Plate_3_Samp_42"
"338_Bari3","Plate_3_Samp_43"
"1192_Derici","Plate_3_Samp_44"
"6_Bari1","Plate_3_Samp_45"
"2225_Kesentas","Plate_3_Samp_46"
"751_Cudi1","Plate_3_Samp_47"
"404_Bari3","Plate_3_Samp_48"
"1378_Destek","Plate_3_Samp_49"
"276_Bari3","Plate_3_Samp_5"
"230_Bari3","Plate_3_Samp_50"
"1657_Kalkan","Plate_3_Samp_51"
"1636_Kalkan","Plate_3_Samp_52"
"1686_Karab","Plate_3_Samp_53"
"2020_Karabace","Plate_3_Samp_54"
"800_Cudi1","Plate_3_Samp_55"
"833_Cudi1","Plate_3_Samp_56"
"1089_Cudi2","Plate_3_Samp_57"
"698_Cudi1","Plate_3_Samp_58"
"2389_Oyali","Plate_3_Samp_59"
"186_Bari3","Plate_3_Samp_6"
"1905_Karabace","Plate_3_Samp_60"
"417_Bari3","Plate_3_Samp_61"
"636_Cudi1","Plate_3_Samp_62"
"2632_S2Drd","Plate_3_Samp_63"
"2938_Sirnak","Plate_3_Samp_64"
"3165_Sirnak","Plate_3_Samp_65"
"1186_Derici","Plate_3_Samp_66"
"1509_Gunas","Plate_3_Samp_67"
"1166_Derici","Plate_3_Samp_68"
"302_Bari3","Plate_3_Samp_69"
"1460_Egil","Plate_3_Samp_7"
"859_Cudi2","Plate_3_Samp_70"
"2396_Oyali","Plate_3_Samp_71"
"461_Besev","Plate_3_Samp_72"
"823_Cudi1","Plate_3_Samp_73"
"100_Bari2","Plate_3_Samp_74"
"1731_Karabace","Plate_3_Samp_75"
"2363_Oyali","Plate_3_Samp_76"
"2777_Sarikaya","Plate_3_Samp_77"
"2180_Kesantas","Plate_3_Samp_78"
"2540_S2Drd","Plate_3_Samp_79"
"387_Bari3","Plate_3_Samp_8"
"2006_Karabace","Plate_3_Samp_80"
"2451_Oyali","Plate_3_Samp_81"
"498_Besev","Plate_3_Samp_82"
"1537_Gunas","Plate_3_Samp_83"
"2879_Sirna","Plate_3_Samp_84"
"1226_Destek","Plate_3_Samp_85"
"2941_Sirnak","Plate_3_Samp_86"
"2965_Sirnak","Plate_3_Samp_87"
"1223_Destek","Plate_3_Samp_88"
"2204_Kesentas","Plate_3_Samp_89"
"19_Bari1","Plate_3_Samp_9"
"1067_Cudi2","Plate_3_Samp_90"
"1942_Karabace","Plate_3_Samp_91"
"1088_Cudi2","Plate_3_Samp_92"
"208_Bari3","Plate_3_Samp_93"
"721_Cudi1","Plate_3_Samp_94"
"2040_Kayatape","Plate_3_Samp_95"
"3153_Sirnak","Plate_4_Samp_1"
"2515_S2Drd","Plate_4_Samp_10"
"2245_Kesentas","Plate_4_Samp_11"
"1342_Destek","Plate_4_Samp_12"
"3148_Sirnak","Plate_4_Samp_13"
"1414_Egil","Plate_4_Samp_14"
"1952_Karabace","Plate_4_Samp_15"
"945_Cudi2","Plate_4_Samp_16"
"463_Besev","Plate_4_Samp_17"
"1647_Kalkan","Plate_4_Samp_18"
"591_Cermik","Plate_4_Samp_19"
"1255_Destek","Plate_4_Samp_2"
"1243_Destek","Plate_4_Samp_20"
"241_Bari3","Plate_4_Samp_21"
"956_Cudi2","Plate_4_Samp_22"
"2144_Kesantas","Plate_4_Samp_23"
"1397_Egil","Plate_4_Samp_24"
"2495_S2Drd","Plate_4_Samp_25"
"175_Bari3","Plate_4_Samp_26"
"2017_Karabace","Plate_4_Samp_27"
"1491_Gunas","Plate_4_Samp_28"
"1355_Destek","Plate_4_Samp_29"
"2304_Ortan","Plate_4_Samp_3"
"2339_Oyali","Plate_4_Samp_30"
"1797_Karabace","Plate_4_Samp_31"
"1128_Derici","Plate_4_Samp_32"
"2278_Kesentas","Plate_4_Samp_33"
"97_Bari2","Plate_4_Samp_34"
"148_Bari2","Plate_4_Samp_35"
"116_Bari2","Plate_4_Samp_36"
"3132_Sirnak","Plate_4_Samp_37"
"2429_Oyali","Plate_4_Samp_38"
"788_Cudi1","Plate_4_Samp_39"
"2014_Karabace","Plate_4_Samp_4"
"1324_Destek","Plate_4_Samp_40"
"1437_Egil","Plate_4_Samp_41"
"2199_Kesentas","Plate_4_Samp_42"
"1359_Destek","Plate_4_Samp_43"
"136_Bari2","Plate_4_Samp_44"
"1049_Cudi2","Plate_4_Samp_45"
"1688_Karab","Plate_4_Samp_46"
"2830_Savur-Pina","Plate_4_Samp_47"
"297_Bari3","Plate_4_Samp_48"
"618_Cudi1","Plate_4_Samp_49"
"1980_Karabace","Plate_4_Samp_5"
"1257_Destek","Plate_4_Samp_50"
"943_Cudi2","Plate_4_Samp_51"
"1045_Cudi2","Plate_4_Samp_52"
"1390_Egil","Plate_4_Samp_53"
"3035_Sirnak","Plate_4_Samp_54"
"2142_Kesantas","Plate_4_Samp_55"
"354_Bari3","Plate_4_Samp_56"
"1013_Cudi2","Plate_4_Samp_57"
"3190_Sirnak","Plate_4_Samp_58"
"2582_S2Drd","Plate_4_Samp_59"
"2618_S2Drd","Plate_4_Samp_6"
"1681_Kalkan","Plate_4_Samp_60"
"2864_Sirna","Plate_4_Samp_61"
"1801_Karabace","Plate_4_Samp_62"
"1665_Kalkan","Plate_4_Samp_63"
"674_Cudi1","Plate_4_Samp_64"
"1260_Destek","Plate_4_Samp_65"
"1107_Cudi2","Plate_4_Samp_66"
"2223_Kesentas","Plate_4_Samp_67"
"1573_Kalkan","Plate_4_Samp_68"
"3094_Sirnak","Plate_4_Samp_69"
"1633_Kalkan","Plate_4_Samp_7"
"1762_Karabace","Plate_4_Samp_70"
"626_Cudi1","Plate_4_Samp_71"
"1033_Cudi2","Plate_4_Samp_72"
"1783_Karabace","Plate_4_Samp_73"
"1752_Karabace","Plate_4_Samp_74"
"2222_Kesentas","Plate_4_Samp_75"
"2577_S2Drd","Plate_4_Samp_76"
"467_Besev","Plate_4_Samp_77"
"1195_Derici","Plate_4_Samp_78"
"2678_S2Drd","Plate_4_Samp_79"
"3093_Sirnak","Plate_4_Samp_8"
"1422_Egil","Plate_4_Samp_80"
"2164_Kesantas","Plate_4_Samp_81"
"2991_Sirnak","Plate_4_Samp_82"
"2155_Kesantas","Plate_4_Samp_83"
"1246_Destek","Plate_4_Samp_84"
"896_Cudi2","Plate_4_Samp_85"
"683_Cudi1","Plate_4_Samp_86"
"2297_Ortan","Plate_4_Samp_87"
"122_Bari2","Plate_4_Samp_88"
"2677_S2Drd","Plate_4_Samp_89"
"2890_Sirna","Plate_4_Samp_9"
"294_Bari3","Plate_4_Samp_90"
"2085_Kayatape","Plate_4_Samp_91"
"1546_Gunas","Plate_4_Samp_92"
"2169_Kesantas","Plate_4_Samp_93"
"2287_Ortan","Plate_4_Samp_94"
"878_Cudi2","Plate_4_Samp_95"
"2886_Sirna","Plate_5_Samp_1"
"3139_Sirnak","Plate_5_Samp_10"
"1103_Cudi2","Plate_5_Samp_11"
"1802_Karabace","Plate_5_Samp_12"
"2220_Kesentas","Plate_5_Samp_13"
"2900_Sirna","Plate_5_Samp_14"
"236_Bari3","Plate_5_Samp_15"
"326_Bari3","Plate_5_Samp_16"
"1511_Gunas","Plate_5_Samp_17"
"969_Cudi2","Plate_5_Samp_18"
"1262_Destek","Plate_5_Samp_19"
"1299_Destek","Plate_5_Samp_2"
"827_Cudi1","Plate_5_Samp_20"
"558_Cermik","Plate_5_Samp_21"
"62_Bari1","Plate_5_Samp_22"
"2712_Sarika","Plate_5_Samp_23"
"2782_Sarikaya","Plate_5_Samp_24"
"1352_Destek","Plate_5_Samp_25"
"2497_S2Drd","Plate_5_Samp_26"
"2638_S2Drd","Plate_5_Samp_27"
"2094_Kayatape","Plate_5_Samp_28"
"287_Bari3","Plate_5_Samp_29"
"1144_Derici","Plate_5_Samp_3"
"1823_Karabace","Plate_5_Samp_30"
"855_Cudi2","Plate_5_Samp_31"
"2294_Ortan","Plate_5_Samp_32"
"622_Cudi1","Plate_5_Samp_33"
"668_Cudi1","Plate_5_Samp_34"
"537_Cermik","Plate_5_Samp_35"
"898_Cudi2","Plate_5_Samp_36"
"1799_Karabace","Plate_5_Samp_37"
"2865_Sirna","Plate_5_Samp_38"
"2957_Sirnak","Plate_5_Samp_39"
"609_Cudi1","Plate_5_Samp_4"
"1900_Karabace","Plate_5_Samp_40"
"3133_Sirnak","Plate_5_Samp_41"
"2972_Sirnak","Plate_5_Samp_42"
"3123_Sirnak","Plate_5_Samp_43"
"1421_Egil","Plate_5_Samp_44"
"2789_Sarikaya","Plate_5_Samp_45"
"2026_Karabace","Plate_5_Samp_46"
"1290_Destek","Plate_5_Samp_47"
"1820_Karabace","Plate_5_Samp_48"
"3062_Sirnak","Plate_5_Samp_49"
"1377_Destek","Plate_5_Samp_5"
"2290_Ortan","Plate_5_Samp_50"
"2417_Oyali","Plate_5_Samp_51"
"1062_Cudi2","Plate_5_Samp_52"
"1749_Karabace","Plate_5_Samp_53"
"582_Cermik","Plate_5_Samp_54"
"3004_Sirnak","Plate_5_Samp_55"
"2038_Karabace","Plate_5_Samp_56"
"2079_Kayatape","Plate_5_Samp_57"
"2824_Savur-Pina","Plate_5_Samp_58"
"3283_Sirnak","Plate_5_Samp_59"
"809_Cudi1","Plate_5_Samp_6"
"2513_S2Drd","Plate_5_Samp_60"
"160_Bari2","Plate_5_Samp_61"
"648_Cudi1","Plate_5_Samp_62"
"984_Cudi2","Plate_5_Samp_63"
"2911_Sirna","Plate_5_Samp_64"
"1648_Kalkan","Plate_5_Samp_65"
"3077_Sirnak","Plate_5_Samp_66"
"3082_Sirnak","Plate_5_Samp_67"
"2461_Oyali","Plate_5_Samp_68"
"154_Bari2","Plate_5_Samp_69"
"927_Cudi2","Plate_5_Samp_7"
"279_Bari3","Plate_5_Samp_70"
"2121_Kayatepe","Plate_5_Samp_71"
"71_Bari1","Plate_5_Samp_72"
"690_Cudi1","Plate_5_Samp_73"
"2514_S2Drd","Plate_5_Samp_74"
"1503_Gunas","Plate_5_Samp_75"
"2328_Oyali","Plate_5_Samp_76"
"798_Cudi1","Plate_5_Samp_77"
"1464_Egil","Plate_5_Samp_78"
"1898_Karabace","Plate_5_Samp_79"
"1818_Karabace","Plate_5_Samp_8"
"628_Cudi1","Plate_5_Samp_80"
"189_Bari3","Plate_5_Samp_81"
"2416_Oyali","Plate_5_Samp_82"
"1500_Gunas","Plate_5_Samp_83"
"2105_Kayatape","Plate_5_Samp_84"
"2651_S2Drd","Plate_5_Samp_85"
"1843_Karabace","Plate_5_Samp_86"
"621_Cudi1","Plate_5_Samp_87"
"1790_Karabace","Plate_5_Samp_88"
"1713_Karab","Plate_5_Samp_89"
"52_Bari1","Plate_5_Samp_9"
"1833_Karabace","Plate_5_Samp_90"
"3218_Sirnak","Plate_5_Samp_91"
"1093_Cudi2","Plate_5_Samp_92"
"2257_Kesentas","Plate_5_Samp_93"
"1424_Egil","Plate_5_Samp_94"
"1332_Destek","Plate_5_Samp_95"
"2656_S2Drd","Plate_6_Samp_1"
"2556_S2Drd","Plate_6_Samp_10"
"2787_Sarikaya","Plate_6_Samp_11"
"320_Bari3","Plate_6_Samp_12"
"2870_Sirna","Plate_6_Samp_13"
"1523_Gunas","Plate_6_Samp_14"
"2641_S2Drd","Plate_6_Samp_15"
"2345_Oyali","Plate_6_Samp_16"
"261_Bari3","Plate_6_Samp_17"
"232_Bari3","Plate_6_Samp_18"
"3216_Sirnak","Plate_6_Samp_19"
"2862_Sirna","Plate_6_Samp_2"
"1761_Karabace","Plate_6_Samp_20"
"3273_Sirnak","Plate_6_Samp_21"
"353_Bari3","Plate_6_Samp_22"
"1563_Kalkan","Plate_6_Samp_23"
"1038_Cudi2","Plate_6_Samp_24"
"2621_S2Drd","Plate_6_Samp_25"
"658_Cudi1","Plate_6_Samp_26"
"514_Besev","Plate_6_Samp_27"
"2853_Sirna","Plate_6_Samp_28"
"1392_Egil","Plate_6_Samp_29"
"159_Bari2","Plate_6_Samp_3"
"979_Cudi2","Plate_6_Samp_30"
"1136_Derici","Plate_6_Samp_31"
"1036_Cudi2","Plate_6_Samp_32"
"761_Cudi1","Plate_6_Samp_33"
"2741_Sarikaya","Plate_6_Samp_34"
"573_Cermik","Plate_6_Samp_35"
"2868_Sirna","Plate_6_Samp_36"
"2487_Oyali","Plate_6_Samp_37"
"2814_Savur","Plate_6_Samp_38"
"1242_Destek","Plate_6_Samp_39"
"3211_Sirnak","Plate_6_Samp_4"
"2490_Oyali","Plate_6_Samp_40"
"371_Bari3","Plate_6_Samp_41"
"1564_Kalkan","Plate_6_Samp_42"
"1732_Karabace","Plate_6_Samp_43"
"851_Cudi2","Plate_6_Samp_44"
"1267_Destek","Plate_6_Samp_45"
"81_Bari1","Plate_6_Samp_46"
"2723_Sarika","Plate_6_Samp_47"
"2340_Oyali","Plate_6_Samp_48"
"381_Bari3","Plate_6_Samp_49"
"1268_Destek","Plate_6_Samp_5"
"2301_Ortan","Plate_6_Samp_50"
"2419_Oyali","Plate_6_Samp_51"
"1058_Cudi2","Plate_6_Samp_52"
"1369_Destek","Plate_6_Samp_53"
"1213_Derici","Plate_6_Samp_54"
"1185_Derici","Plate_6_Samp_55"
"973_Cudi2","Plate_6_Samp_56"
"810_Cudi1","Plate_6_Samp_57"
"991_Cudi2","Plate_6_Samp_58"
"3079_Sirnak","Plate_6_Samp_59"
"95_Bari2","Plate_6_Samp_6"
"1178_Derici","Plate_6_Samp_60"
"2807_Savur","Plate_6_Samp_61"
"2265_Kesentas","Plate_6_Samp_62"
"2157_Kesantas","Plate_6_Samp_63"
"3163_Sirnak","Plate_6_Samp_64"
"1745_Karabace","Plate_6_Samp_65"
"333_Bari3","Plate_6_Samp_66"
"2720_Sarika","Plate_6_Samp_67"
"2855_Sirna","Plate_6_Samp_68"
"2023_Karabace","Plate_6_Samp_69"
"511_Besev","Plate_6_Samp_7"
"366_Bari3","Plate_6_Samp_70"
"1839_Karabace","Plate_6_Samp_71"
"820_Cudi1","Plate_6_Samp_72"
"1152_Derici","Plate_6_Samp_73"
"2001_Karabace","Plate_6_Samp_74"
"1712_Karab","Plate_6_Samp_75"
"1124_Derici","Plate_6_Samp_76"
"886_Cudi2","Plate_6_Samp_77"
"1994_Karabace","Plate_6_Samp_78"
"1835_Karabace","Plate_6_Samp_79"
"824_Cudi1","Plate_6_Samp_8"
"113_Bari2","Plate_6_Samp_80"
"789_Cudi1","Plate_6_Samp_81"
"243_Bari3","Plate_6_Samp_82"
"11_Bari1","Plate_6_Samp_83"
"1599_Kalkan","Plate_6_Samp_84"
"2136_Kesantas","Plate_6_Samp_85"
"756_Cudi1","Plate_6_Samp_86"
"2425_Oyali","Plate_6_Samp_87"
"2091_Kayatape","Plate_6_Samp_88"
"1937_Karabace","Plate_6_Samp_89"
"1029_Cudi2","Plate_6_Samp_9"
"2604_S2Drd","Plate_6_Samp_90"
"2502_S2Drd","Plate_6_Samp_91"
"2110_Kayatepe","Plate_6_Samp_92"
"1143_Derici","Plate_6_Samp_93"
"2694_S2Drd","Plate_6_Samp_94"
"1674_Kalkan","Plate_6_Samp_95"
"349_Bari3","Plate_7_Samp_1"
"3197_Sirnak","Plate_7_Samp_10"
"1394_Egil","Plate_7_Samp_11"
"20_Bari1","Plate_7_Samp_12"
"1116_Derici","Plate_7_Samp_13"
"3089_Sirnak","Plate_7_Samp_14"
"1442_Egil","Plate_7_Samp_15"
"876_Cudi2","Plate_7_Samp_16"
"2243_Kesentas","Plate_7_Samp_17"
"901_Cudi2","Plate_7_Samp_18"
"812_Cudi1","Plate_7_Samp_19"
"335_Bari3","Plate_7_Samp_2"
"822_Cudi1","Plate_7_Samp_20"
"3083_Sirnak","Plate_7_Samp_21"
"2055_Kayatape","Plate_7_Samp_22"
"775_Cudi1","Plate_7_Samp_23"
"2198_Kesentas","Plate_7_Samp_24"
"918_Cudi2","Plate_7_Samp_25"
"259_Bari3","Plate_7_Samp_26"
"1472_Egil","Plate_7_Samp_27"
"2810_Savur","Plate_7_Samp_28"
"2189_Kesantas","Plate_7_Samp_29"
"2902_Sirna","Plate_7_Samp_3"
"244_Bari3","Plate_7_Samp_30"
"109_Bari2","Plate_7_Samp_31"
"1653_Kalkan","Plate_7_Samp_32"
"974_Cudi2","Plate_7_Samp_33"
"3059_Sirnak","Plate_7_Samp_34"
"996_Cudi2","Plate_7_Samp_35"
"285_Bari3","Plate_7_Samp_36"
"1219_Derici","Plate_7_Samp_37"
"462_Besev","Plate_7_Samp_38"
"2912_Sirna","Plate_7_Samp_39"
"2054_Kayatape","Plate_7_Samp_4"
"3008_Sirnak","Plate_7_Samp_40"
"3084_Sirnak","Plate_7_Samp_41"
"2097_Kayatape","Plate_7_Samp_42"
"579_Cermik","Plate_7_Samp_43"
"2658_S2Drd","Plate_7_Samp_44"
"2907_Sirna","Plate_7_Samp_45"
"1568_Kalkan","Plate_7_Samp_46"
"2761_Sarikaya","Plate_7_Samp_47"
"372_Bari3","Plate_7_Samp_48"
"1465_Egil","Plate_7_Samp_49"
"3149_Sirnak","Plate_7_Samp_5"
"2457_Oyali","Plate_7_Samp_50"
"2557_S2Drd","Plate_7_Samp_51"
"2140_Kesantas","Plate_7_Samp_52"
"2977_Sirnak","Plate_7_Samp_53"
"2488_Oyali","Plate_7_Samp_54"
"2355_Oyali","Plate_7_Samp_55"
"2403_Oyali","Plate_7_Samp_56"
"107_Bari2","Plate_7_Samp_57"
"1572_Kalkan","Plate_7_Samp_58"
"2299_Ortan","Plate_7_Samp_59"
"2468_Oyali","Plate_7_Samp_6"
"1270_Destek","Plate_7_Samp_60"
"1904_Karabace","Plate_7_Samp_61"
"680_Cudi1","Plate_7_Samp_62"
"1198_Derici","Plate_7_Samp_63"
"2102_Kayatape","Plate_7_Samp_64"
"2096_Kayatape","Plate_7_Samp_65"
"1976_Karabace","Plate_7_Samp_66"
"1626_Kalkan","Plate_7_Samp_67"
"589_Cermik","Plate_7_Samp_68"
"2387_Oyali","Plate_7_Samp_69"
"3281_Sirnak","Plate_7_Samp_7"
"989_Cudi2","Plate_7_Samp_70"
"355_Bari3","Plate_7_Samp_71"
"741_Cudi1","Plate_7_Samp_72"
"965_Cudi2","Plate_7_Samp_73"
"2044_Kayatape","Plate_7_Samp_74"
"2337_Oyali","Plate_7_Samp_75"
"1645_Kalkan","Plate_7_Samp_76"
"893_Cudi2","Plate_7_Samp_77"
"424_Bari3","Plate_7_Samp_78"
"520_Besev","Plate_7_Samp_79"
"2804_Savur","Plate_7_Samp_8"
"1669_Kalkan","Plate_7_Samp_80"
"3051_Sirnak","Plate_7_Samp_81"
"1519_Gunas","Plate_7_Samp_82"
"2349_Oyali","Plate_7_Samp_83"
"1439_Egil","Plate_7_Samp_84"
"1075_Cudi2","Plate_7_Samp_85"
"1993_Karabace","Plate_7_Samp_86"
"1194_Derici","Plate_7_Samp_87"
"655_Cudi1","Plate_7_Samp_88"
"316_Bari3","Plate_7_Samp_89"
"697_Cudi1","Plate_7_Samp_9"
"2759_Sarikaya","Plate_7_Samp_90"
"123_Bari2","Plate_7_Samp_91"
"2112_Kayatepe","Plate_7_Samp_92"
"1343_Destek","Plate_7_Samp_93"
"1628_Kalkan","Plate_7_Samp_94"
"1718_Karab","Plate_7_Samp_95"
"2726_Sarikaya","Plate_8_Samp_1"
"2811_Savur","Plate_8_Samp_10"
"1675_Kalkan","Plate_8_Samp_11"
"37_Bari1","Plate_8_Samp_12"
"2392_Oyali","Plate_8_Samp_13"
"1806_Karabace","Plate_8_Samp_14"
"2383_Oyali","Plate_8_Samp_15"
"2644_S2Drd","Plate_8_Samp_16"
"2976_Sirnak","Plate_8_Samp_17"
"1569_Kalkan","Plate_8_Samp_18"
"733_Cudi1","Plate_8_Samp_19"
"257_Bari3","Plate_8_Samp_2"
"734_Cudi1","Plate_8_Samp_20"
"3064_Sirnak","Plate_8_Samp_21"
"2498_S2Drd","Plate_8_Samp_22"
"1330_Destek","Plate_8_Samp_23"
"2331_Oyali","Plate_8_Samp_24"
"2776_Sarikaya","Plate_8_Samp_25"
"388_Bari3","Plate_8_Samp_26"
"1234_Destek","Plate_8_Samp_27"
"524_Cermik","Plate_8_Samp_28"
"1643_Kalkan","Plate_8_Samp_29"
"1722_Karab","Plate_8_Samp_3"
"2454_Oyali","Plate_8_Samp_30"
"3125_Sirnak","Plate_8_Samp_31"
"849_Cudi2","Plate_8_Samp_32"
"1218_Derici","Plate_8_Samp_33"
"662_Cudi1","Plate_8_Samp_34"
"1757_Karabace","Plate_8_Samp_35"
"552_Cermik","Plate_8_Samp_36"
"571_Cermik","Plate_8_Samp_37"
"325_Bari3","Plate_8_Samp_38"
"816_Cudi1","Plate_8_Samp_39"
"710_Cudi1","Plate_8_Samp_4"
"1862_Karabace","Plate_8_Samp_40"
"1026_Cudi2","Plate_8_Samp_41"
"369_Bari3","Plate_8_Samp_42"
"382_Bari3","Plate_8_Samp_43"
"1709_Karab","Plate_8_Samp_44"
"3184_Sirnak","Plate_8_Samp_45"
"653_Cudi1","Plate_8_Samp_46"
"2701_Sarika","Plate_8_Samp_47"
"2395_Oyali","Plate_8_Samp_48"
"542_Cermik","Plate_8_Samp_49"
"2825_Savur-Pina","Plate_8_Samp_5"
"1907_Karabace","Plate_8_Samp_50"
"724_Cudi1","Plate_8_Samp_51"
"289_Bari3","Plate_8_Samp_52"
"1527_Gunas","Plate_8_Samp_53"
"841_Cudi2","Plate_8_Samp_54"
"3201_Sirnak","Plate_8_Samp_55"
"2963_Sirnak","Plate_8_Samp_56"
"804_Cudi1","Plate_8_Samp_57"
"2203_Kesentas","Plate_8_Samp_58"
"978_Cudi2","Plate_8_Samp_59"
"3086_Sirnak","Plate_8_Samp_6"
"1955_Karabace","Plate_8_Samp_60"
"706_Cudi1","Plate_8_Samp_61"
"586_Cermik","Plate_8_Samp_62"
"183_Bari3","Plate_8_Samp_63"
"1104_Cudi2","Plate_8_Samp_64"
"1161_Derici","Plate_8_Samp_65"
"1085_Cudi2","Plate_8_Samp_66"
"3256_Sirnak","Plate_8_Samp_67"
"2071_Kayatape","Plate_8_Samp_68"
"3050_Sirnak","Plate_8_Samp_69"
"2884_Sirna","Plate_8_Samp_7"
"340_Bari3","Plate_8_Samp_70"
"3101_Sirnak","Plate_8_Samp_71"
"336_Bari3","Plate_8_Samp_72"
"1912_Karabace","Plate_8_Samp_73"
"1630_Kalkan","Plate_8_Samp_74"
"2167_Kesantas","Plate_8_Samp_75"
"416_Bari3","Plate_8_Samp_76"
"2193_Kesentas","Plate_8_Samp_77"
"192_Bari3","Plate_8_Samp_78"
"1744_Karabace","Plate_8_Samp_79"
"25_Bari1","Plate_8_Samp_8"
"1590_Kalkan","Plate_8_Samp_80"
"1409_Egil","Plate_8_Samp_81"
"3179_Sirnak","Plate_8_Samp_82"
"3236_Sirnak","Plate_8_Samp_83"
"2616_S2Drd","Plate_8_Samp_84"
"2418_Oyali","Plate_8_Samp_85"
"2974_Sirnak","Plate_8_Samp_86"
"3141_Sirnak","Plate_8_Samp_87"
"351_Bari3","Plate_8_Samp_88"
"1051_Cudi2","Plate_8_Samp_89"
"2637_S2Drd","Plate_8_Samp_9"
"2272_Kesentas","Plate_8_Samp_90"
"2823_Savur-Pina","Plate_8_Samp_91"
"3136_Sirnak","Plate_8_Samp_92"
"2361_Oyali","Plate_8_Samp_93"
"197_Bari3","Plate_8_Samp_94"
"531_Cermik","Plate_8_Samp_95"
"298_Bari3","Plate_9_Samp_1"
"1726_Karab","Plate_9_Samp_10"
"2875_Sirna","Plate_9_Samp_11"
"1102_Cudi2","Plate_9_Samp_12"
"2778_Sarikaya","Plate_9_Samp_13"
"1215_Derici","Plate_9_Samp_14"
"2270_Kesentas","Plate_9_Samp_15"
"3266_Sirnak","Plate_9_Samp_16"
"2274_Kesentas","Plate_9_Samp_17"
"1824_Karabace","Plate_9_Samp_18"
"2264_Kesentas","Plate_9_Samp_19"
"1165_Derici","Plate_9_Samp_2"
"378_Bari3","Plate_9_Samp_20"
"2108_Kayatepe","Plate_9_Samp_21"
"2073_Kayatape","Plate_9_Samp_22"
"166_Bari3","Plate_9_Samp_23"
"1841_Karabace","Plate_9_Samp_24"
"2980_Sirnak","Plate_9_Samp_25"
"870_Cudi2","Plate_9_Samp_26"
"1149_Derici","Plate_9_Samp_27"
"654_Cudi1","Plate_9_Samp_28"
"2156_Kesantas","Plate_9_Samp_29"
"1847_Karabace","Plate_9_Samp_3"
"1878_Karabace","Plate_9_Samp_30"
"2246_Kesentas","Plate_9_Samp_31"
"3270_Sirnak","Plate_9_Samp_32"
"1492_Gunas","Plate_9_Samp_33"
"1997_Karabace","Plate_9_Samp_34"
"293_Bari3","Plate_9_Samp_35"
"131_Bari2","Plate_9_Samp_36"
"2065_Kayatape","Plate_9_Samp_37"
"94_Bari2","Plate_9_Samp_38"
"2464_Oyali","Plate_9_Samp_39"
"2561_S2Drd","Plate_9_Samp_4"
"562_Cermik","Plate_9_Samp_40"
"1032_Cudi2","Plate_9_Samp_41"
"2734_Sarikaya","Plate_9_Samp_42"
"510_Besev","Plate_9_Samp_43"
"2611_S2Drd","Plate_9_Samp_44"
"1318_Destek","Plate_9_Samp_45"
"2242_Kesentas","Plate_9_Samp_46"
"487_Besev","Plate_9_Samp_47"
"1131_Derici","Plate_9_Samp_48"
"606_Cudi1","Plate_9_Samp_49"
"1229_Destek","Plate_9_Samp_5"
"3071_Sirnak","Plate_9_Samp_50"
"1073_Cudi2","Plate_9_Samp_51"
"96_Bari2","Plate_9_Samp_52"
"1222_Destek","Plate_9_Samp_53"
"2964_Sirnak","Plate_9_Samp_54"
"2066_Kayatape","Plate_9_Samp_55"
"1939_Karabace","Plate_9_Samp_56"
"2295_Ortan","Plate_9_Samp_57"
"2101_Kayatape","Plate_9_Samp_58"
"58_Bari1","Plate_9_Samp_59"
"1322_Destek","Plate_9_Samp_6"
"3261_Sirnak","Plate_9_Samp_60"
"3169_Sirnak","Plate_9_Samp_61"
"2818_Savur-Pina","Plate_9_Samp_62"
"323_Bari3","Plate_9_Samp_63"
"929_Cudi2","Plate_9_Samp_64"
"110_Bari2","Plate_9_Samp_65"
"3017_Sirnak","Plate_9_Samp_66"
"93_Bari2","Plate_9_Samp_67"
"881_Cudi2","Plate_9_Samp_68"
"1281_Destek","Plate_9_Samp_69"
"2342_Oyali","Plate_9_Samp_7"
"86_Bari2","Plate_9_Samp_70"
"3014_Sirnak","Plate_9_Samp_71"
"2585_S2Drd","Plate_9_Samp_72"
"452_Besev","Plate_9_Samp_73"
"2248_Kesentas","Plate_9_Samp_74"
"2399_Oyali","Plate_9_Samp_75"
"2218_Kesentas","Plate_9_Samp_76"
"1892_Karabace","Plate_9_Samp_77"
"2420_Oyali","Plate_9_Samp_78"
"1763_Karabace","Plate_9_Samp_79"
"260_Bari3","Plate_9_Samp_8"
"3176_Sirnak","Plate_9_Samp_80"
"2709_Sarika","Plate_9_Samp_81"
"1513_Gunas","Plate_9_Samp_82"
"2253_Kesentas","Plate_9_Samp_83"
"546_Cermik","Plate_9_Samp_84"
"2442_Oyali","Plate_9_Samp_85"
"101_Bari2","Plate_9_Samp_86"
"1418_Egil","Plate_9_Samp_87"
"1074_Cudi2","Plate_9_Samp_88"
"783_Cudi1","Plate_9_Samp_89"
"2858_Sirna","Plate_9_Samp_9"
"1028_Cudi2","Plate_9_Samp_90"
"497_Besev","Plate_9_Samp_91"
"729_Cudi1","Plate_9_Samp_92"
"829_Cudi1","Plate_9_Samp_93"
"2074_Kayatape","Plate_9_Samp_94"
"2426_Oyali","Plate_9_Samp_95"
